-- '$2a$10$CCPDOSKh9IX7yrRlwdlHTuFlE7H.qsFtYwXhCi3TeU2Zpg4nRBVUe' = 'password' (bcrypt hash)

-- instructors (two total)
INSERT INTO instructors (name, email, picture, password, jwt) VALUES('Byron Hill', 'bhill@ee.edu', 'https://images.pexels.com/photos/837358/pexels-photo-837358.jpeg', '$2a$10$CCPDOSKh9IX7yrRlwdlHTuFlE7H.qsFtYwXhCi3TeU2Zpg4nRBVUe', null);
INSERT INTO instructors (name, email, picture, password, jwt) VALUES('Liu Anne', 'lanne@ee.edu', 'https://images.pexels.com/photos/4876309/pexels-photo-4876309.jpeg', '$2a$10$CCPDOSKh9IX7yrRlwdlHTuFlE7H.qsFtYwXhCi3TeU2Zpg4nRBVUe', null);

-- cohorts (six total)
INSERT INTO cohorts (name, start_date, end_date, instructor_id) VALUES('Cohort 01', '04/24/2022', '06/03/2022', 1); -- instructor 1's previous cohort
INSERT INTO cohorts (name, start_date, end_date, instructor_id) VALUES('Cohort 02', '02/10/2023', '04/21/2023', 1); -- instructor 1's current cohort
INSERT INTO cohorts (name, start_date, end_date, instructor_id) VALUES('Cohort 03', '04/24/2023', '06/03/2023', 1); -- instructor 1's next cohort
INSERT INTO cohorts (name, start_date, end_date, instructor_id) VALUES('Cohort 04', '04/24/2022', '06/03/2022', 2); -- instructor 2's previous cohort
INSERT INTO cohorts (name, start_date, end_date, instructor_id) VALUES('Cohort 05', '02/10/2023', '04/21/2023', 2); -- instructor 2's current cohort
INSERT INTO cohorts (name, start_date, end_date, instructor_id) VALUES('Cohort 06', '04/24/2023', '06/03/2023', 2); -- instructor 2's next cohort

-- students (50 total)

-- cohort 1 students (15 total)
INSERT INTO students (name, instructor_name, email, picture, last_login, is_present, average_grade, absences, password, jwt, cohort_id) VALUES('Iwan Wallace', 'Byron Hill', 'aastudent@ee.edu', 'https://images.pexels.com/photos/301930/pexels-photo-301930.jpeg', '06/03/2022', true, 77, 1, '$2a$10$CCPDOSKh9IX7yrRlwdlHTuFlE7H.qsFtYwXhCi3TeU2Zpg4nRBVUe', null, 1);
INSERT INTO students (name, instructor_name, email, picture, last_login, is_present, average_grade, absences, password, jwt, cohort_id) VALUES('Hugh Reid', 'Byron Hill', 'abstudent@ee.edu', 'https://images.pexels.com/photos/1245055/pexels-photo-1245055.jpeg', '06/03/2022', true, 77, 3, '$2a$10$CCPDOSKh9IX7yrRlwdlHTuFlE7H.qsFtYwXhCi3TeU2Zpg4nRBVUe', null, 1);
INSERT INTO students (name, instructor_name, email, picture, last_login, is_present, average_grade, absences, password, jwt, cohort_id) VALUES('Aleksander Goodman', 'Byron Hill', 'acstudent@ee.edu', 'https://images.pexels.com/photos/834894/pexels-photo-834894.jpeg', '06/03/2022', false, 73, 4, '$2a$10$CCPDOSKh9IX7yrRlwdlHTuFlE7H.qsFtYwXhCi3TeU2Zpg4nRBVUe', null, 1);
INSERT INTO students (name, instructor_name, email, picture, last_login, is_present, average_grade, absences, password, jwt, cohort_id) VALUES('Gareth Riley', 'Byron Hill', 'adstudent@ee.edu', 'https://images.pexels.com/photos/267961/pexels-photo-267961.jpeg', '06/03/2022', true, 73, 5, '$2a$10$CCPDOSKh9IX7yrRlwdlHTuFlE7H.qsFtYwXhCi3TeU2Zpg4nRBVUe', null, 1);
INSERT INTO students (name, instructor_name, email, picture, last_login, is_present, average_grade, absences, password, jwt, cohort_id) VALUES('Lenny Leonard', 'Byron Hill', 'aestudent@ee.edu', 'https://images.pexels.com/photos/903171/pexels-photo-903171.jpeg', '06/03/2022', false, 78, 6, '$2a$10$CCPDOSKh9IX7yrRlwdlHTuFlE7H.qsFtYwXhCi3TeU2Zpg4nRBVUe', null, 1);
INSERT INTO students (name, instructor_name, email, picture, last_login, is_present, average_grade, absences, password, jwt, cohort_id) VALUES('Alek Good', 'Byron Hill', 'zcstudent@ee.edu', 'https://images.pexels.com/photos/1087735/pexels-photo-1087735.jpeg', '06/03/2022', true, 73, 4, '$2a$10$CCPDOSKh9IX7yrRlwdlHTuFlE7H.qsFtYwXhCi3TeU2Zpg4nRBVUe', null, 1);
INSERT INTO students (name, instructor_name, email, picture, last_login, is_present, average_grade, absences, password, jwt, cohort_id) VALUES('Gar Ril', 'Byron Hill', 'zdstudent@ee.edu', 'https://images.pexels.com/photos/1851164/pexels-photo-1851164.jpeg', '06/03/2022', false, 73, 5, '$2a$10$CCPDOSKh9IX7yrRlwdlHTuFlE7H.qsFtYwXhCi3TeU2Zpg4nRBVUe', null, 1);
INSERT INTO students (name, instructor_name, email, picture, last_login, is_present, average_grade, absences, password, jwt, cohort_id) VALUES('Len Leo', 'Byron Hill', 'zestudent@ee.edu', 'https://images.pexels.com/photos/746386/pexels-photo-746386.jpeg', '06/03/2022', true, 78, 6, '$2a$10$CCPDOSKh9IX7yrRlwdlHTuFlE7H.qsFtYwXhCi3TeU2Zpg4nRBVUe', null, 1);
INSERT INTO students (name, instructor_name, email, picture, last_login, is_present, average_grade, absences, password, jwt, cohort_id) VALUES('Iw Wal', 'Byron Hill', 'zfstudent@ee.edu', 'https://images.pexels.com/photos/1656684/pexels-photo-1656684.jpeg', '06/03/2022', true, 77, 1, '$2a$10$CCPDOSKh9IX7yrRlwdlHTuFlE7H.qsFtYwXhCi3TeU2Zpg4nRBVUe', null, 1);
INSERT INTO students (name, instructor_name, email, picture, last_login, is_present, average_grade, absences, password, jwt, cohort_id) VALUES('Hu Rei', 'Byron Hill', 'zgstudent@ee.edu', 'https://images.pexels.com/photos/4275717/pexels-photo-4275717.jpeg', '06/03/2022', false, 77, 3, '$2a$10$CCPDOSKh9IX7yrRlwdlHTuFlE7H.qsFtYwXhCi3TeU2Zpg4nRBVUe', null, 1);
INSERT INTO students (name, instructor_name, email, picture, last_login, is_present, average_grade, absences, password, jwt, cohort_id) VALUES('Aleks Goo', 'Byron Hill', 'zhstudent@ee.edu', 'https://images.pexels.com/photos/4045762/pexels-photo-4045762.jpeg', '06/03/2022', true, 73, 4, '$2a$10$CCPDOSKh9IX7yrRlwdlHTuFlE7H.qsFtYwXhCi3TeU2Zpg4nRBVUe', null, 1);
INSERT INTO students (name, instructor_name, email, picture, last_login, is_present, average_grade, absences, password, jwt, cohort_id) VALUES('Gare Ri', 'Byron Hill', 'zistudent@ee.edu', 'https://images.pexels.com/photos/2896853/pexels-photo-2896853.jpeg', '06/03/2022', false, 73, 5, '$2a$10$CCPDOSKh9IX7yrRlwdlHTuFlE7H.qsFtYwXhCi3TeU2Zpg4nRBVUe', null, 1);
INSERT INTO students (name, instructor_name, email, picture, last_login, is_present, average_grade, absences, password, jwt, cohort_id) VALUES('Le Le', 'Byron Hill', 'zjstudent@ee.edu', 'https://images.pexels.com/photos/2896840/pexels-photo-2896840.jpeg', '06/03/2022', false, 78, 6, '$2a$10$CCPDOSKh9IX7yrRlwdlHTuFlE7H.qsFtYwXhCi3TeU2Zpg4nRBVUe', null, 1);
INSERT INTO students (name, instructor_name, email, picture, last_login, is_present, average_grade, absences, password, jwt, cohort_id) VALUES('Gar Bear', 'Byron Hill', 'zkstudent@ee.edu', 'https://images.pexels.com/photos/3170635/pexels-photo-3170635.jpeg', '06/03/2022', false, 73, 4, '$2a$10$CCPDOSKh9IX7yrRlwdlHTuFlE7H.qsFtYwXhCi3TeU2Zpg4nRBVUe', null, 1);
INSERT INTO students (name, instructor_name, email, picture, last_login, is_present, average_grade, absences, password, jwt, cohort_id) VALUES('Adam Ross, Jr.', 'Byron Hill', 'therealadamross@ee.edu', 'https://images.pexels.com/photos/3115350/pexels-photo-3115350.jpeg', '06/03/2022', false, 73, 5, '$2a$10$CCPDOSKh9IX7yrRlwdlHTuFlE7H.qsFtYwXhCi3TeU2Zpg4nRBVUe', null, 1);

-- cohort 2 students (five total)
INSERT INTO students (name, instructor_name, email, picture, last_login, is_present, average_grade, absences, password, jwt, cohort_id) VALUES('Conner Hughes', 'Byron Hill', 'afstudent@ee.edu', 'https://images.pexels.com/photos/845457/pexels-photo-845457.jpeg', '04/14/2023', false, 78, 8, '$2a$10$CCPDOSKh9IX7yrRlwdlHTuFlE7H.qsFtYwXhCi3TeU2Zpg4nRBVUe', null, 2);
INSERT INTO students (name, instructor_name, email, picture, last_login, is_present, average_grade, absences, password, jwt, cohort_id) VALUES('Abdirahman Gallegos', 'Byron Hill', 'agstudent@ee.edu', 'https://images.pexels.com/photos/736842/pexels-photo-736842.jpeg', '04/14/2023', true, 98, 9, '$2a$10$CCPDOSKh9IX7yrRlwdlHTuFlE7H.qsFtYwXhCi3TeU2Zpg4nRBVUe', null, 2);
INSERT INTO students (name, instructor_name, email, picture, last_login, is_present, average_grade, absences, password, jwt, cohort_id) VALUES('Mikayla Shepherd', 'Byron Hill', 'ahstudent@ee.edu', 'https://images.pexels.com/photos/936019/pexels-photo-936019.jpeg', '04/14/2023', true, 98, 9, '$2a$10$CCPDOSKh9IX7yrRlwdlHTuFlE7H.qsFtYwXhCi3TeU2Zpg4nRBVUe', null, 2);
INSERT INTO students (name, instructor_name, email, picture, last_login, is_present, average_grade, absences, password, jwt, cohort_id) VALUES('Albert Mccann', 'Byron Hill', 'aistudent@ee.edu', 'https://images.pexels.com/photos/1472334/pexels-photo-1472334.jpeg', '04/14/2023', true, 98, 9, '$2a$10$CCPDOSKh9IX7yrRlwdlHTuFlE7H.qsFtYwXhCi3TeU2Zpg4nRBVUe', null, 2);
INSERT INTO students (name, instructor_name, email, picture, last_login, is_present, average_grade, absences, password, jwt, cohort_id) VALUES('Jay Long', 'Byron Hill', 'ajstudent@ee.edu', 'https://images.pexels.com/photos/762080/pexels-photo-762080.jpeg', '04/14/2023', false, 95, 5, '$2a$10$CCPDOSKh9IX7yrRlwdlHTuFlE7H.qsFtYwXhCi3TeU2Zpg4nRBVUe', null, 2);

-- cohort 3 students (five total)
INSERT INTO students (name, instructor_name, email, picture, last_login, is_present, average_grade, absences, password, jwt, cohort_id) VALUES('Aaryan Slater', 'Byron Hill', 'akstudent@ee.edu', 'https://images.pexels.com/photos/762527/pexels-photo-762527.jpeg', null, false, null, 5, '$2a$10$CCPDOSKh9IX7yrRlwdlHTuFlE7H.qsFtYwXhCi3TeU2Zpg4nRBVUe', null, 3);
INSERT INTO students (name, instructor_name, email, picture, last_login, is_present, average_grade, absences, password, jwt, cohort_id) VALUES('Mehmet Ayers', 'Byron Hill', 'alstudent@ee.edu', 'https://images.pexels.com/photos/853151/pexels-photo-853151.jpeg', null, false, null, 5, '$2a$10$CCPDOSKh9IX7yrRlwdlHTuFlE7H.qsFtYwXhCi3TeU2Zpg4nRBVUe', null, 3);
INSERT INTO students (name, instructor_name, email, picture, last_login, is_present, average_grade, absences, password, jwt, cohort_id) VALUES('Ayesha Freeman', 'Byron Hill', 'amstudent@ee.edu', 'https://images.pexels.com/photos/301952/pexels-photo-301952.jpeg', null, false, null, 4, '$2a$10$CCPDOSKh9IX7yrRlwdlHTuFlE7H.qsFtYwXhCi3TeU2Zpg4nRBVUe', null, 3);
INSERT INTO students (name, instructor_name, email, picture, last_login, is_present, average_grade, absences, password, jwt, cohort_id) VALUES('Aryan Lang', 'Byron Hill', 'anstudent@ee.edu', 'https://images.pexels.com/photos/2102416/pexels-photo-2102416.jpeg', null, false, null, 4, '$2a$10$CCPDOSKh9IX7yrRlwdlHTuFlE7H.qsFtYwXhCi3TeU2Zpg4nRBVUe', null, 3);
INSERT INTO students (name, instructor_name, email, picture, last_login, is_present, average_grade, absences, password, jwt, cohort_id) VALUES('Edna Guerrero', 'Byron Hill', 'aostudent@ee.edu', 'https://images.pexels.com/photos/1933873/pexels-photo-1933873.jpeg', null, false, null, 3, '$2a$10$CCPDOSKh9IX7yrRlwdlHTuFlE7H.qsFtYwXhCi3TeU2Zpg4nRBVUe', null, 3);

-- cohort 4 students (15 total)
INSERT INTO students (name, instructor_name, email, picture, last_login, is_present, average_grade, absences, password, jwt, cohort_id) VALUES('Samson Woodward', 'Liu Anne', 'apstudent@ee.edu', 'https://images.pexels.com/photos/601170/pexels-photo-601170.jpeg', '06/03/2022', false, 98, 3, '$2a$10$CCPDOSKh9IX7yrRlwdlHTuFlE7H.qsFtYwXhCi3TeU2Zpg4nRBVUe', null, 4);
INSERT INTO students (name, instructor_name, email, picture, last_login, is_present, average_grade, absences, password, jwt, cohort_id) VALUES('Nancy Mason', 'Liu Anne', 'aqstudent@ee.edu', 'https://images.pexels.com/photos/307847/pexels-photo-307847.jpeg', '06/03/2022', false, 56, 2, '$2a$10$CCPDOSKh9IX7yrRlwdlHTuFlE7H.qsFtYwXhCi3TeU2Zpg4nRBVUe', null, 4);
INSERT INTO students (name, instructor_name, email, picture, last_login, is_present, average_grade, absences, password, jwt, cohort_id) VALUES('Noah Andrade', 'Liu Anne', 'arstudent@ee.edu', 'https://images.pexels.com/photos/214576/pexels-photo-214576.jpeg', '06/03/2022', false, 57, 5, '$2a$10$CCPDOSKh9IX7yrRlwdlHTuFlE7H.qsFtYwXhCi3TeU2Zpg4nRBVUe', null, 4);
INSERT INTO students (name, instructor_name, email, picture, last_login, is_present, average_grade, absences, password, jwt, cohort_id) VALUES('Mary Archer', 'Liu Anne', 'asstudent@ee.edu', 'https://images.pexels.com/photos/1822608/pexels-photo-1822608.jpeg', '06/03/2022', false, 54, 5, '$2a$10$CCPDOSKh9IX7yrRlwdlHTuFlE7H.qsFtYwXhCi3TeU2Zpg4nRBVUe', null, 4);
INSERT INTO students (name, instructor_name, email, picture, last_login, is_present, average_grade, absences, password, jwt, cohort_id) VALUES('Aiden Hardy', 'Liu Anne', 'atstudent@ee.edu', 'https://images.pexels.com/photos/5612320/pexels-photo-5612320.jpeg', '06/03/2022', false, 65, 4, '$2a$10$CCPDOSKh9IX7yrRlwdlHTuFlE7H.qsFtYwXhCi3TeU2Zpg4nRBVUe', null, 4);
INSERT INTO students (name, instructor_name, email, picture, last_login, is_present, average_grade, absences, password, jwt, cohort_id) VALUES('Ebony Crane', 'Joe Smith', 'bestudent@ee.edu', 'https://images.pexels.com/photos/673649/pexels-photo-673649.jpeg', '06/03/2022', false, 84, 0, '$2a$10$CCPDOSKh9IX7yrRlwdlHTuFlE7H.qsFtYwXhCi3TeU2Zpg4nRBVUe', null, 4);
INSERT INTO students (name, instructor_name, email, picture, last_login, is_present, average_grade, absences, password, jwt, cohort_id) VALUES('Josef Alexander', 'Joe Smith', 'bfstudent@ee.edu', 'https://images.pexels.com/photos/236171/pexels-photo-236171.jpeg', '06/03/2022', false, 82, 6, '$2a$10$CCPDOSKh9IX7yrRlwdlHTuFlE7H.qsFtYwXhCi3TeU2Zpg4nRBVUe', null, 4);
INSERT INTO students (name, instructor_name, email, picture, last_login, is_present, average_grade, absences, password, jwt, cohort_id) VALUES('Nieve Davenport', 'Joe Smith', 'bgstudent@ee.edu', 'https://images.pexels.com/photos/327533/pexels-photo-327533.jpeg', '06/03/2022', false, 95, 9, '$2a$10$CCPDOSKh9IX7yrRlwdlHTuFlE7H.qsFtYwXhCi3TeU2Zpg4nRBVUe', null, 4);
INSERT INTO students (name, instructor_name, email, picture, last_login, is_present, average_grade, absences, password, jwt, cohort_id) VALUES('Ralph Quinn', 'Joe Smith', 'bhstudent@ee.edu', 'https://images.pexels.com/photos/1134188/pexels-photo-1134188.jpeg', '06/03/2022', false, 95, 7, '$2a$10$CCPDOSKh9IX7yrRlwdlHTuFlE7H.qsFtYwXhCi3TeU2Zpg4nRBVUe', null, 4);
INSERT INTO students (name, instructor_name, email, picture, last_login, is_present, average_grade, absences, password, jwt, cohort_id) VALUES('Leon Foley', 'Joe Smith', 'bistudent@ee.edu', 'https://images.pexels.com/photos/2833037/pexels-photo-2833037.jpeg', '06/03/2022', false, 95, 8, '$2a$10$CCPDOSKh9IX7yrRlwdlHTuFlE7H.qsFtYwXhCi3TeU2Zpg4nRBVUe', null, 4);
INSERT INTO students (name, instructor_name, email, picture, last_login, is_present, average_grade, absences, password, jwt, cohort_id) VALUES('Bertie Lewis', 'Joe Smith', 'bjstudent@ee.edu', 'https://images.pexels.com/photos/713520/pexels-photo-713520.jpeg', '06/03/2022', false, 96, 7, '$2a$10$CCPDOSKh9IX7yrRlwdlHTuFlE7H.qsFtYwXhCi3TeU2Zpg4nRBVUe', null, 4);
INSERT INTO students (name, instructor_name, email, picture, last_login, is_present, average_grade, absences, password, jwt, cohort_id) VALUES('Nabil Crosby', 'Joe Smith', 'bkstudent@ee.edu', 'https://images.pexels.com/photos/859265/pexels-photo-859265.jpeg', '06/03/2022', false, 92, 7, '$2a$10$CCPDOSKh9IX7yrRlwdlHTuFlE7H.qsFtYwXhCi3TeU2Zpg4nRBVUe', null, 4);
INSERT INTO students (name, instructor_name, email, picture, last_login, is_present, average_grade, absences, password, jwt, cohort_id) VALUES('Rohan Mccullough', 'Joe Smith', 'blstudent@ee.edu', 'https://images.pexels.com/photos/982263/pexels-photo-982263.jpeg', '06/03/2022', false, 50, 7, '$2a$10$CCPDOSKh9IX7yrRlwdlHTuFlE7H.qsFtYwXhCi3TeU2Zpg4nRBVUe', null, 4);
INSERT INTO students (name, instructor_name, email, picture, last_login, is_present, average_grade, absences, password, jwt, cohort_id) VALUES('Micheal Sutherland', 'Joe Smith', 'bmstudent@ee.edu', 'https://images.pexels.com/photos/1415131/pexels-photo-1415131.jpeg', '06/03/2022', false, 53, 6, '$2a$10$CCPDOSKh9IX7yrRlwdlHTuFlE7H.qsFtYwXhCi3TeU2Zpg4nRBVUe', null, 4);
INSERT INTO students (name, instructor_name, email, picture, last_login, is_present, average_grade, absences, password, jwt, cohort_id) VALUES('Caroline Padilla', 'Joe Smith', 'bnstudent@ee.edu', 'https://images.pexels.com/photos/354951/pexels-photo-354951.jpeg', '06/03/2022', false, 77, 2, '$2a$10$CCPDOSKh9IX7yrRlwdlHTuFlE7H.qsFtYwXhCi3TeU2Zpg4nRBVUe', null, 4);

-- cohort 5 students (five total)
INSERT INTO students (name, instructor_name, email, picture, last_login, is_present, average_grade, absences, password, jwt, cohort_id) VALUES('Isaac Sutton', 'Liu Anne', 'austudent@ee.edu', 'https://images.pexels.com/photos/460295/pexels-photo-460295.jpeg', '04/14/2023', false, 65, 5, '$2a$10$CCPDOSKh9IX7yrRlwdlHTuFlE7H.qsFtYwXhCi3TeU2Zpg4nRBVUe', null, 5);
INSERT INTO students (name, instructor_name, email, picture, last_login, is_present, average_grade, absences, password, jwt, cohort_id) VALUES('Alastair Grant', 'Liu Anne', 'avstudent@ee.edu', 'https://images.pexels.com/photos/247304/pexels-photo-247304.jpeg', '04/14/2023', false, 66, 3, '$2a$10$CCPDOSKh9IX7yrRlwdlHTuFlE7H.qsFtYwXhCi3TeU2Zpg4nRBVUe', null, 5);
INSERT INTO students (name, instructor_name, email, picture, last_login, is_present, average_grade, absences, password, jwt, cohort_id) VALUES('Guy Reese', 'Liu Anne', 'awstudent@ee.edu', 'https://images.pexels.com/photos/439818/pexels-photo-439818.jpeg', '04/14/2023', false, 67, 4, '$2a$10$CCPDOSKh9IX7yrRlwdlHTuFlE7H.qsFtYwXhCi3TeU2Zpg4nRBVUe', null, 5);
INSERT INTO students (name, instructor_name, email, picture, last_login, is_present, average_grade, absences, password, jwt, cohort_id) VALUES('Lee Williams', 'Liu Anne', 'axstudent@ee.edu', 'https://images.pexels.com/photos/1125850/pexels-photo-1125850.jpeg', '04/14/2023', false, 76, 3, '$2a$10$CCPDOSKh9IX7yrRlwdlHTuFlE7H.qsFtYwXhCi3TeU2Zpg4nRBVUe', null, 5);
INSERT INTO students (name, instructor_name, email, picture, last_login, is_present, average_grade, absences, password, jwt, cohort_id) VALUES('Dominic Whitaker', 'Liu Anne', 'aystudent@ee.edu', 'https://images.pexels.com/photos/571169/pexels-photo-571169.jpeg', '04/14/2023', false, 74, 3, '$2a$10$CCPDOSKh9IX7yrRlwdlHTuFlE7H.qsFtYwXhCi3TeU2Zpg4nRBVUe', null, 5);

-- cohort 6 students (five total)
INSERT INTO students (name, instructor_name, email, picture, last_login, is_present, average_grade, absences, password, jwt, cohort_id) VALUES('Mohammad Montes', 'Liu Anne', 'azstudent@ee.edu', 'https://images.pexels.com/photos/2023384/pexels-photo-2023384.jpeg', null, false, null, 3, '$2a$10$CCPDOSKh9IX7yrRlwdlHTuFlE7H.qsFtYwXhCi3TeU2Zpg4nRBVUe', null, 6);
INSERT INTO students (name, instructor_name, email, picture, last_login, is_present, average_grade, absences, password, jwt, cohort_id) VALUES('Edith Barker', 'Liu Anne', 'bastudent@ee.edu', 'https://images.pexels.com/photos/927451/pexels-photo-927451.jpeg', null, false, null, 2, '$2a$10$CCPDOSKh9IX7yrRlwdlHTuFlE7H.qsFtYwXhCi3TeU2Zpg4nRBVUe', null, 6);
INSERT INTO students (name, instructor_name, email, picture, last_login, is_present, average_grade, absences, password, jwt, cohort_id) VALUES('Norma Weaver', 'Liu Anne', 'bbstudent@ee.edu', 'https://images.pexels.com/photos/1848565/pexels-photo-1848565.jpeg', null, false, null, 6, '$2a$10$CCPDOSKh9IX7yrRlwdlHTuFlE7H.qsFtYwXhCi3TeU2Zpg4nRBVUe', null, 6);
INSERT INTO students (name, instructor_name, email, picture, last_login, is_present, average_grade, absences, password, jwt, cohort_id) VALUES('Christopher Buchanan', 'Liu Anne', 'bcstudent@ee.edu', 'https://images.pexels.com/photos/819530/pexels-photo-819530.jpeg', null, false, null, 1, '$2a$10$CCPDOSKh9IX7yrRlwdlHTuFlE7H.qsFtYwXhCi3TeU2Zpg4nRBVUe', null, 6);
INSERT INTO students (name, instructor_name, email, picture, last_login, is_present, average_grade, absences, password, jwt, cohort_id) VALUES('Raheem Landry', 'Liu Anne', 'bdstudent@ee.edu', 'https://images.pexels.com/photos/886285/pexels-photo-886285.jpeg', null, false, null, 6, '$2a$10$CCPDOSKh9IX7yrRlwdlHTuFlE7H.qsFtYwXhCi3TeU2Zpg4nRBVUe', null, 6);

-- messages

-- cohort 1
INSERT INTO messages (student_originated, date_sent, content, student_id) VALUES(false, '05/01/2022 08:15 AM', 'Lorem ipsum dolor sit amet.', 1);
INSERT INTO messages (student_originated, date_sent, content, student_id) VALUES(true, '05/01/2022 12:16 PM', 'consectetur adipiscing elit.', 1);
INSERT INTO messages (student_originated, date_sent, content, student_id) VALUES(false, '05/01/2022 11:29 AM', 'Ut vulputate, mi a laoreet bibendum, tortor nisi convallis mauris, mollis posuere arcu quam vitae mi.', 2);
INSERT INTO messages (student_originated, date_sent, content, student_id) VALUES(true, '05/01/2022 04:59 PM', 'Vestibulum dolor mi, facilisis vel posuere a, imperdiet at metus.', 2);
INSERT INTO messages (student_originated, date_sent, content, student_id) VALUES(false, '05/01/2022 06:40 AM', 'Morbi ac neque non nisi rhoncus suscipit.', 3);
INSERT INTO messages (student_originated, date_sent, content, student_id) VALUES(true, '05/01/2022 10:35 PM', 'Quisque sodales, nisi eu malesuada suscipit, sem eros luctus elit, non tempor mauris neque non turpis.', 3);
INSERT INTO messages (student_originated, date_sent, content, student_id) VALUES(false, '05/01/2022 03:50 AM', 'Vestibulum erat dui, posuere et porttitor non, tincidunt a lorem.', 4);
INSERT INTO messages (student_originated, date_sent, content, student_id) VALUES(true, '05/01/2022 01:20 PM', 'Curabitur condimentum a nisl vel malesuada.', 4);
INSERT INTO messages (student_originated, date_sent, content, student_id) VALUES(false, '05/01/2022 09:22 AM', 'Phasellus sed dui tortor', 5);
INSERT INTO messages (student_originated, date_sent, content, student_id) VALUES(true, '05/01/2022 02:33 PM', 'Nam ornare purus leo, sit amet volutpat magna sagittis at.', 5);
INSERT INTO messages (student_originated, date_sent, content, student_id) VALUES(false, '05/01/2022 07:44 AM', 'Donec risus ipsum, auctor eu pharetra sed, condimentum et justo.', 6);
INSERT INTO messages (student_originated, date_sent, content, student_id) VALUES(true, '05/01/2022 03:55 PM', 'Donec vulputate pharetra purus, vel vulputate nunc venenatis vitae.', 6);
INSERT INTO messages (student_originated, date_sent, content, student_id) VALUES(false, '05/01/2022 06:11 AM', 'Praesent finibus faucibus suscipit.', 7);
INSERT INTO messages (student_originated, date_sent, content, student_id) VALUES(true, '05/01/2022 06:12 PM', 'Curabitur quis ante sagittis, pretium sapien eu, faucibus nisl.', 7);
INSERT INTO messages (student_originated, date_sent, content, student_id) VALUES(false, '05/01/2022 09:21 AM', 'Donec at consectetur elit.', 8);
INSERT INTO messages (student_originated, date_sent, content, student_id) VALUES(true, '05/01/2022 11:14 PM', 'Donec rhoncus, massa id efficitur volutpat, mauris mi faucibus erat, mattis euismod lacus lorem vehicula orci.', 8);
INSERT INTO messages (student_originated, date_sent, content, student_id) VALUES(false, '05/01/2022 02:41 AM', 'Pellentesque habitant morbi tristique senectus et netus et malesuada fames ac turpis egestas.', 9);
INSERT INTO messages (student_originated, date_sent, content, student_id) VALUES(true, '05/01/2022 05:06 PM', 'Sed convallis malesuada elit ut imperdiet.', 9);
INSERT INTO messages (student_originated, date_sent, content, student_id) VALUES(false, '05/01/2022 09:05 AM', 'Etiam interdum arcu diam.', 10);
INSERT INTO messages (student_originated, date_sent, content, student_id) VALUES(true, '05/01/2022 08:01 PM', 'Proin ornare ante a orci pellentesque, et lobortis velit cursus.', 10);
INSERT INTO messages (student_originated, date_sent, content, student_id) VALUES(false, '05/01/2022 10:02 AM', 'Pellentesque habitant morbi tristique senectus et netus et malesuada fames ac turpis egestas.', 11);
INSERT INTO messages (student_originated, date_sent, content, student_id) VALUES(true, '05/01/2022 12:00 PM', 'Nullam consequat ex luctus nulla tincidunt, eu suscipit neque faucibus.', 11);
INSERT INTO messages (student_originated, date_sent, content, student_id) VALUES(false, '05/01/2022 02:09 AM', 'Ut dictum eros vel egestas cursus.', 12);
INSERT INTO messages (student_originated, date_sent, content, student_id) VALUES(true, '05/01/2022 04:08 PM', 'Nam lacinia sollicitudin arcu nec mattis.', 12);
INSERT INTO messages (student_originated, date_sent, content, student_id) VALUES(false, '05/01/2022 07:07 AM', 'Ut ultrices lacus vel orci laoreet, a interdum sem hendrerit.', 13);
INSERT INTO messages (student_originated, date_sent, content, student_id) VALUES(true, '05/01/2022 09:06 PM', 'Donec lacus leo, sodales non imperdiet quis, tincidunt ut mi.', 13);
INSERT INTO messages (student_originated, date_sent, content, student_id) VALUES(false, '05/01/2022 11:05 AM', 'Donec non mauris semper, rutrum dolor ut, vehicula arcu.', 14);
INSERT INTO messages (student_originated, date_sent, content, student_id) VALUES(true, '05/01/2022 01:41 PM', 'Pellentesque gravida hendrerit suscipit.', 14);
INSERT INTO messages (student_originated, date_sent, content, student_id) VALUES(false, '05/01/2022 03:42 AM', 'Etiam mi justo, semper at iaculis ut, euismod sed turpis.', 15);
INSERT INTO messages (student_originated, date_sent, content, student_id) VALUES(true, '05/01/2022 05:43 PM', 'Nulla a dignissim felis, elementum lacinia sem.', 15);

-- cohort 2
INSERT INTO messages (student_originated, date_sent, content, student_id) VALUES(false, '01/20/2023 08:44 AM', 'Nulla quam mauris, commodo a magna eu, viverra suscipit dui.', 16);
INSERT INTO messages (student_originated, date_sent, content, student_id) VALUES(true, '01/21/2023 12:45 PM', 'Ut vitae consequat velit.', 16);
INSERT INTO messages (student_originated, date_sent, content, student_id) VALUES(false, '01/22/2023 11:46 AM', 'Nullam sed mollis turpis.', 17);
INSERT INTO messages (student_originated, date_sent, content, student_id) VALUES(true, '01/23/2023 10:47 PM', 'Etiam pellentesque interdum massa, eu malesuada erat hendrerit non.', 17);
INSERT INTO messages (student_originated, date_sent, content, student_id) VALUES(false, '01/24/2023 09:48 AM', 'Sed egestas ullamcorper laoreet.', 18);
INSERT INTO messages (student_originated, date_sent, content, student_id) VALUES(true, '01/25/2023 08:49 PM', 'Mauris vitae lorem vulputate, tempus nisi vel, egestas nisi.', 18);
INSERT INTO messages (student_originated, date_sent, content, student_id) VALUES(false, '01/26/2023 07:32 AM', 'Vivamus lectus eros, dignissim quis convallis sed, rutrum in felis.', 19);
INSERT INTO messages (student_originated, date_sent, content, student_id) VALUES(true, '01/27/2023 06:34 PM', 'Mauris vitae eros eget odio finibus blandit.', 19);
INSERT INTO messages (student_originated, date_sent, content, student_id) VALUES(false, '01/28/2023 05:36 AM', 'Duis lobortis nibh et massa tristique sollicitudin.', 20);
INSERT INTO messages (student_originated, date_sent, content, student_id) VALUES(true, '02/05/2023 04:38 PM', 'Suspendisse nec massa tempor, ultricies sapien eu, convallis nunc.', 20);

-- cohort 3 (empty)

-- cohort 4
INSERT INTO messages (student_originated, date_sent, content, student_id) VALUES(false, '05/01/2022 08:15 AM', 'Lorem ipsum dolor sit amet.', 26);
INSERT INTO messages (student_originated, date_sent, content, student_id) VALUES(true, '05/01/2022 12:16 PM', 'consectetur adipiscing elit.', 26);
INSERT INTO messages (student_originated, date_sent, content, student_id) VALUES(false, '05/01/2022 11:29 AM', 'Ut vulputate, mi a laoreet bibendum, tortor nisi convallis mauris, mollis posuere arcu quam vitae mi.', 27);
INSERT INTO messages (student_originated, date_sent, content, student_id) VALUES(true, '05/01/2022 04:59 PM', 'Vestibulum dolor mi, facilisis vel posuere a, imperdiet at metus.', 27);
INSERT INTO messages (student_originated, date_sent, content, student_id) VALUES(false, '05/01/2022 06:40 AM', 'Morbi ac neque non nisi rhoncus suscipit.', 28);
INSERT INTO messages (student_originated, date_sent, content, student_id) VALUES(true, '05/01/2022 10:35 PM', 'Quisque sodales, nisi eu malesuada suscipit, sem eros luctus elit, non tempor mauris neque non turpis.', 28);
INSERT INTO messages (student_originated, date_sent, content, student_id) VALUES(false, '05/01/2022 03:50 AM', 'Vestibulum erat dui, posuere et porttitor non, tincidunt a lorem.', 29);
INSERT INTO messages (student_originated, date_sent, content, student_id) VALUES(true, '05/01/2022 01:20 PM', 'Curabitur condimentum a nisl vel malesuada.', 29);
INSERT INTO messages (student_originated, date_sent, content, student_id) VALUES(false, '05/01/2022 09:22 AM', 'Phasellus sed dui tortor', 30);
INSERT INTO messages (student_originated, date_sent, content, student_id) VALUES(true, '05/01/2022 02:33 PM', 'Nam ornare purus leo, sit amet volutpat magna sagittis at.', 30);
INSERT INTO messages (student_originated, date_sent, content, student_id) VALUES(false, '05/01/2022 07:44 AM', 'Donec risus ipsum, auctor eu pharetra sed, condimentum et justo.', 31);
INSERT INTO messages (student_originated, date_sent, content, student_id) VALUES(true, '05/01/2022 03:55 PM', 'Donec vulputate pharetra purus, vel vulputate nunc venenatis vitae.', 31);
INSERT INTO messages (student_originated, date_sent, content, student_id) VALUES(false, '05/01/2022 06:11 AM', 'Praesent finibus faucibus suscipit.', 32);
INSERT INTO messages (student_originated, date_sent, content, student_id) VALUES(true, '05/01/2022 06:12 PM', 'Curabitur quis ante sagittis, pretium sapien eu, faucibus nisl.', 32);
INSERT INTO messages (student_originated, date_sent, content, student_id) VALUES(false, '05/01/2022 09:21 AM', 'Donec at consectetur elit.', 33);
INSERT INTO messages (student_originated, date_sent, content, student_id) VALUES(true, '05/01/2022 11:14 PM', 'Donec rhoncus, massa id efficitur volutpat, mauris mi faucibus erat, mattis euismod lacus lorem vehicula orci.', 33);
INSERT INTO messages (student_originated, date_sent, content, student_id) VALUES(false, '05/01/2022 02:41 AM', 'Pellentesque habitant morbi tristique senectus et netus et malesuada fames ac turpis egestas.', 34);
INSERT INTO messages (student_originated, date_sent, content, student_id) VALUES(true, '05/01/2022 05:06 PM', 'Sed convallis malesuada elit ut imperdiet.', 34);
INSERT INTO messages (student_originated, date_sent, content, student_id) VALUES(false, '05/01/2022 09:05 AM', 'Etiam interdum arcu diam.', 35);
INSERT INTO messages (student_originated, date_sent, content, student_id) VALUES(true, '05/01/2022 08:01 PM', 'Proin ornare ante a orci pellentesque, et lobortis velit cursus.', 35);
INSERT INTO messages (student_originated, date_sent, content, student_id) VALUES(false, '05/01/2022 10:02 AM', 'Pellentesque habitant morbi tristique senectus et netus et malesuada fames ac turpis egestas.', 36);
INSERT INTO messages (student_originated, date_sent, content, student_id) VALUES(true, '05/01/2022 12:00 PM', 'Nullam consequat ex luctus nulla tincidunt, eu suscipit neque faucibus.', 36);
INSERT INTO messages (student_originated, date_sent, content, student_id) VALUES(false, '05/01/2022 02:09 AM', 'Ut dictum eros vel egestas cursus.', 37);
INSERT INTO messages (student_originated, date_sent, content, student_id) VALUES(true, '05/01/2022 04:08 PM', 'Nam lacinia sollicitudin arcu nec mattis.', 37);
INSERT INTO messages (student_originated, date_sent, content, student_id) VALUES(false, '05/01/2022 07:07 AM', 'Ut ultrices lacus vel orci laoreet, a interdum sem hendrerit.', 38);
INSERT INTO messages (student_originated, date_sent, content, student_id) VALUES(true, '05/01/2022 09:06 PM', 'Donec lacus leo, sodales non imperdiet quis, tincidunt ut mi.', 38);
INSERT INTO messages (student_originated, date_sent, content, student_id) VALUES(false, '05/01/2022 11:05 AM', 'Donec non mauris semper, rutrum dolor ut, vehicula arcu.', 39);
INSERT INTO messages (student_originated, date_sent, content, student_id) VALUES(true, '05/01/2022 01:41 PM', 'Pellentesque gravida hendrerit suscipit.', 39);
INSERT INTO messages (student_originated, date_sent, content, student_id) VALUES(false, '05/01/2022 03:42 AM', 'Etiam mi justo, semper at iaculis ut, euismod sed turpis.', 40);
INSERT INTO messages (student_originated, date_sent, content, student_id) VALUES(true, '05/01/2022 05:43 PM', 'Nulla a dignissim felis, elementum lacinia sem.', 40);

-- cohort 5
INSERT INTO messages (student_originated, date_sent, content, student_id) VALUES(false, '01/20/2023 08:44 AM', 'Nulla quam mauris, commodo a magna eu, viverra suscipit dui.', 41);
INSERT INTO messages (student_originated, date_sent, content, student_id) VALUES(true, '01/21/2023 12:45 PM', 'Ut vitae consequat velit.', 41);
INSERT INTO messages (student_originated, date_sent, content, student_id) VALUES(false, '01/22/2023 11:46 AM', 'Nullam sed mollis turpis.', 42);
INSERT INTO messages (student_originated, date_sent, content, student_id) VALUES(true, '01/23/2023 10:47 PM', 'Etiam pellentesque interdum massa, eu malesuada erat hendrerit non.', 42);
INSERT INTO messages (student_originated, date_sent, content, student_id) VALUES(false, '01/24/2023 09:48 AM', 'Sed egestas ullamcorper laoreet.', 43);
INSERT INTO messages (student_originated, date_sent, content, student_id) VALUES(true, '01/25/2023 08:49 PM', 'Mauris vitae lorem vulputate, tempus nisi vel, egestas nisi.', 43);
INSERT INTO messages (student_originated, date_sent, content, student_id) VALUES(false, '01/26/2023 07:32 AM', 'Vivamus lectus eros, dignissim quis convallis sed, rutrum in felis.', 44);
INSERT INTO messages (student_originated, date_sent, content, student_id) VALUES(true, '01/27/2023 06:34 PM', 'Mauris vitae eros eget odio finibus blandit.', 44);
INSERT INTO messages (student_originated, date_sent, content, student_id) VALUES(false, '01/28/2023 05:36 AM', 'Duis lobortis nibh et massa tristique sollicitudin.', 45);
INSERT INTO messages (student_originated, date_sent, content, student_id) VALUES(true, '02/05/2023 04:38 PM', 'Suspendisse nec massa tempor, ultricies sapien eu, convallis nunc.', 45);

-- cohort 6 (empty)

-- assessments

-- cohort 1
INSERT INTO assessments (name, week, grade, student_id, cohort_id) VALUES('Assessment 1', 1, 70, 1, 1);
INSERT INTO assessments (name, week, grade, student_id, cohort_id) VALUES('Assessment 2', 2, 90, 1, 1);
INSERT INTO assessments (name, week, grade, student_id, cohort_id) VALUES('Assessment 3', 3, 85, 1, 1);
INSERT INTO assessments (name, week, grade, student_id, cohort_id) VALUES('Assessment 4', 4, 70, 1, 1);
INSERT INTO assessments (name, week, grade, student_id, cohort_id) VALUES('Assessment 5', 5, 90, 1, 1);
INSERT INTO assessments (name, week, grade, student_id, cohort_id) VALUES('Assessment 6', 6, 85, 1, 1);
INSERT INTO assessments (name, week, grade, student_id, cohort_id) VALUES('Assessment 7', 7, 70, 1, 1);
INSERT INTO assessments (name, week, grade, student_id, cohort_id) VALUES('Assessment 8', 8, 90, 1, 1);
INSERT INTO assessments (name, week, grade, student_id, cohort_id) VALUES('Assessment 9', 9, 85, 1, 1);
INSERT INTO assessments (name, week, grade, student_id, cohort_id) VALUES('Assessment 10', 10, 70, 1, 1);
INSERT INTO assessments (name, week, grade, student_id, cohort_id) VALUES('Assessment 1', 1, 70, 2, 1);
INSERT INTO assessments (name, week, grade, student_id, cohort_id) VALUES('Assessment 2', 2, 90, 2, 1);
INSERT INTO assessments (name, week, grade, student_id, cohort_id) VALUES('Assessment 3', 3, 85, 2, 1);
INSERT INTO assessments (name, week, grade, student_id, cohort_id) VALUES('Assessment 4', 4, 70, 2, 1);
INSERT INTO assessments (name, week, grade, student_id, cohort_id) VALUES('Assessment 5', 5, 90, 2, 1);
INSERT INTO assessments (name, week, grade, student_id, cohort_id) VALUES('Assessment 6', 6, 85, 2, 1);
INSERT INTO assessments (name, week, grade, student_id, cohort_id) VALUES('Assessment 7', 7, 70, 2, 1);
INSERT INTO assessments (name, week, grade, student_id, cohort_id) VALUES('Assessment 8', 8, 90, 2, 1);
INSERT INTO assessments (name, week, grade, student_id, cohort_id) VALUES('Assessment 9', 9, 85, 2, 1);
INSERT INTO assessments (name, week, grade, student_id, cohort_id) VALUES('Assessment 10', 10, 70, 2, 1);
INSERT INTO assessments (name, week, grade, student_id, cohort_id) VALUES('Assessment 1', 1, 70, 3, 1);
INSERT INTO assessments (name, week, grade, student_id, cohort_id) VALUES('Assessment 2', 2, 90, 3, 1);
INSERT INTO assessments (name, week, grade, student_id, cohort_id) VALUES('Assessment 3', 3, 85, 3, 1);
INSERT INTO assessments (name, week, grade, student_id, cohort_id) VALUES('Assessment 4', 4, 70, 3, 1);
INSERT INTO assessments (name, week, grade, student_id, cohort_id) VALUES('Assessment 5', 5, 90, 3, 1);
INSERT INTO assessments (name, week, grade, student_id, cohort_id) VALUES('Assessment 6', 6, 85, 3, 1);
INSERT INTO assessments (name, week, grade, student_id, cohort_id) VALUES('Assessment 7', 7, 70, 3, 1);
INSERT INTO assessments (name, week, grade, student_id, cohort_id) VALUES('Assessment 8', 8, 90, 3, 1);
INSERT INTO assessments (name, week, grade, student_id, cohort_id) VALUES('Assessment 9', 9, 85, 3, 1);
INSERT INTO assessments (name, week, grade, student_id, cohort_id) VALUES('Assessment 10', 10, 70, 3, 1);
INSERT INTO assessments (name, week, grade, student_id, cohort_id) VALUES('Assessment 1', 1, 70, 4, 1);
INSERT INTO assessments (name, week, grade, student_id, cohort_id) VALUES('Assessment 2', 2, 90, 4, 1);
INSERT INTO assessments (name, week, grade, student_id, cohort_id) VALUES('Assessment 3', 3, 85, 4, 1);
INSERT INTO assessments (name, week, grade, student_id, cohort_id) VALUES('Assessment 4', 4, 70, 4, 1);
INSERT INTO assessments (name, week, grade, student_id, cohort_id) VALUES('Assessment 5', 5, 90, 4, 1);
INSERT INTO assessments (name, week, grade, student_id, cohort_id) VALUES('Assessment 6', 6, 85, 4, 1);
INSERT INTO assessments (name, week, grade, student_id, cohort_id) VALUES('Assessment 7', 7, 70, 4, 1);
INSERT INTO assessments (name, week, grade, student_id, cohort_id) VALUES('Assessment 8', 8, 90, 4, 1);
INSERT INTO assessments (name, week, grade, student_id, cohort_id) VALUES('Assessment 9', 9, 85, 4, 1);
INSERT INTO assessments (name, week, grade, student_id, cohort_id) VALUES('Assessment 10', 10, 70, 4, 1);
INSERT INTO assessments (name, week, grade, student_id, cohort_id) VALUES('Assessment 1', 1, 70, 5, 1);
INSERT INTO assessments (name, week, grade, student_id, cohort_id) VALUES('Assessment 2', 2, 90, 5, 1);
INSERT INTO assessments (name, week, grade, student_id, cohort_id) VALUES('Assessment 3', 3, 85, 5, 1);
INSERT INTO assessments (name, week, grade, student_id, cohort_id) VALUES('Assessment 4', 4, 70, 5, 1);
INSERT INTO assessments (name, week, grade, student_id, cohort_id) VALUES('Assessment 5', 5, 90, 5, 1);
INSERT INTO assessments (name, week, grade, student_id, cohort_id) VALUES('Assessment 6', 6, 85, 5, 1);
INSERT INTO assessments (name, week, grade, student_id, cohort_id) VALUES('Assessment 7', 7, 70, 5, 1);
INSERT INTO assessments (name, week, grade, student_id, cohort_id) VALUES('Assessment 8', 8, 90, 5, 1);
INSERT INTO assessments (name, week, grade, student_id, cohort_id) VALUES('Assessment 9', 9, 85, 5, 1);
INSERT INTO assessments (name, week, grade, student_id, cohort_id) VALUES('Assessment 10', 10, 70, 5, 1);
INSERT INTO assessments (name, week, grade, student_id, cohort_id) VALUES('Assessment 1', 1, 70, 6, 1);
INSERT INTO assessments (name, week, grade, student_id, cohort_id) VALUES('Assessment 2', 2, 90, 6, 1);
INSERT INTO assessments (name, week, grade, student_id, cohort_id) VALUES('Assessment 3', 3, 85, 6, 1);
INSERT INTO assessments (name, week, grade, student_id, cohort_id) VALUES('Assessment 4', 4, 70, 6, 1);
INSERT INTO assessments (name, week, grade, student_id, cohort_id) VALUES('Assessment 5', 5, 90, 6, 1);
INSERT INTO assessments (name, week, grade, student_id, cohort_id) VALUES('Assessment 6', 6, 85, 6, 1);
INSERT INTO assessments (name, week, grade, student_id, cohort_id) VALUES('Assessment 7', 7, 70, 6, 1);
INSERT INTO assessments (name, week, grade, student_id, cohort_id) VALUES('Assessment 8', 8, 90, 6, 1);
INSERT INTO assessments (name, week, grade, student_id, cohort_id) VALUES('Assessment 9', 9, 85, 6, 1);
INSERT INTO assessments (name, week, grade, student_id, cohort_id) VALUES('Assessment 10', 10, 70, 6, 1);
INSERT INTO assessments (name, week, grade, student_id, cohort_id) VALUES('Assessment 1', 1, 70, 7, 1);
INSERT INTO assessments (name, week, grade, student_id, cohort_id) VALUES('Assessment 2', 2, 90, 7, 1);
INSERT INTO assessments (name, week, grade, student_id, cohort_id) VALUES('Assessment 3', 3, 85, 7, 1);
INSERT INTO assessments (name, week, grade, student_id, cohort_id) VALUES('Assessment 4', 4, 70, 7, 1);
INSERT INTO assessments (name, week, grade, student_id, cohort_id) VALUES('Assessment 5', 5, 90, 7, 1);
INSERT INTO assessments (name, week, grade, student_id, cohort_id) VALUES('Assessment 6', 6, 85, 7, 1);
INSERT INTO assessments (name, week, grade, student_id, cohort_id) VALUES('Assessment 7', 7, 70, 7, 1);
INSERT INTO assessments (name, week, grade, student_id, cohort_id) VALUES('Assessment 8', 8, 90, 7, 1);
INSERT INTO assessments (name, week, grade, student_id, cohort_id) VALUES('Assessment 9', 9, 85, 7, 1);
INSERT INTO assessments (name, week, grade, student_id, cohort_id) VALUES('Assessment 10', 10, 70, 7, 1);
INSERT INTO assessments (name, week, grade, student_id, cohort_id) VALUES('Assessment 1', 1, 70, 8, 1);
INSERT INTO assessments (name, week, grade, student_id, cohort_id) VALUES('Assessment 2', 2, 90, 8, 1);
INSERT INTO assessments (name, week, grade, student_id, cohort_id) VALUES('Assessment 3', 3, 85, 8, 1);
INSERT INTO assessments (name, week, grade, student_id, cohort_id) VALUES('Assessment 4', 4, 70, 8, 1);
INSERT INTO assessments (name, week, grade, student_id, cohort_id) VALUES('Assessment 5', 5, 90, 8, 1);
INSERT INTO assessments (name, week, grade, student_id, cohort_id) VALUES('Assessment 6', 6, 85, 8, 1);
INSERT INTO assessments (name, week, grade, student_id, cohort_id) VALUES('Assessment 7', 7, 70, 8, 1);
INSERT INTO assessments (name, week, grade, student_id, cohort_id) VALUES('Assessment 8', 8, 90, 8, 1);
INSERT INTO assessments (name, week, grade, student_id, cohort_id) VALUES('Assessment 9', 9, 85, 8, 1);
INSERT INTO assessments (name, week, grade, student_id, cohort_id) VALUES('Assessment 10', 10, 70, 8, 1);
INSERT INTO assessments (name, week, grade, student_id, cohort_id) VALUES('Assessment 1', 1, 70, 9, 1);
INSERT INTO assessments (name, week, grade, student_id, cohort_id) VALUES('Assessment 2', 2, 90, 9, 1);
INSERT INTO assessments (name, week, grade, student_id, cohort_id) VALUES('Assessment 3', 3, 85, 9, 1);
INSERT INTO assessments (name, week, grade, student_id, cohort_id) VALUES('Assessment 4', 4, 70, 9, 1);
INSERT INTO assessments (name, week, grade, student_id, cohort_id) VALUES('Assessment 5', 5, 90, 9, 1);
INSERT INTO assessments (name, week, grade, student_id, cohort_id) VALUES('Assessment 6', 6, 85, 9, 1);
INSERT INTO assessments (name, week, grade, student_id, cohort_id) VALUES('Assessment 7', 7, 70, 9, 1);
INSERT INTO assessments (name, week, grade, student_id, cohort_id) VALUES('Assessment 8', 8, 90, 9, 1);
INSERT INTO assessments (name, week, grade, student_id, cohort_id) VALUES('Assessment 9', 9, 85, 9, 1);
INSERT INTO assessments (name, week, grade, student_id, cohort_id) VALUES('Assessment 10', 10, 70, 9, 1);
INSERT INTO assessments (name, week, grade, student_id, cohort_id) VALUES('Assessment 1', 10, 70, 10, 1);
INSERT INTO assessments (name, week, grade, student_id, cohort_id) VALUES('Assessment 2', 2, 90, 10, 1);
INSERT INTO assessments (name, week, grade, student_id, cohort_id) VALUES('Assessment 3', 3, 85, 10, 1);
INSERT INTO assessments (name, week, grade, student_id, cohort_id) VALUES('Assessment 4', 4, 70, 10, 1);
INSERT INTO assessments (name, week, grade, student_id, cohort_id) VALUES('Assessment 5', 5, 90, 10, 1);
INSERT INTO assessments (name, week, grade, student_id, cohort_id) VALUES('Assessment 6', 6, 85, 10, 1);
INSERT INTO assessments (name, week, grade, student_id, cohort_id) VALUES('Assessment 7', 7, 70, 10, 1);
INSERT INTO assessments (name, week, grade, student_id, cohort_id) VALUES('Assessment 8', 8, 90, 10, 1);
INSERT INTO assessments (name, week, grade, student_id, cohort_id) VALUES('Assessment 9', 9, 85, 10, 1);
INSERT INTO assessments (name, week, grade, student_id, cohort_id) VALUES('Assessment 10', 10, 70, 10, 1);
INSERT INTO assessments (name, week, grade, student_id, cohort_id) VALUES('Assessment 1', 1, 70, 11, 1);
INSERT INTO assessments (name, week, grade, student_id, cohort_id) VALUES('Assessment 2', 2, 90, 11, 1);
INSERT INTO assessments (name, week, grade, student_id, cohort_id) VALUES('Assessment 3', 3, 85, 11, 1);
INSERT INTO assessments (name, week, grade, student_id, cohort_id) VALUES('Assessment 4', 4, 70, 11, 1);
INSERT INTO assessments (name, week, grade, student_id, cohort_id) VALUES('Assessment 5', 5, 90, 11, 1);
INSERT INTO assessments (name, week, grade, student_id, cohort_id) VALUES('Assessment 6', 6, 85, 11, 1);
INSERT INTO assessments (name, week, grade, student_id, cohort_id) VALUES('Assessment 7', 7, 70, 11, 1);
INSERT INTO assessments (name, week, grade, student_id, cohort_id) VALUES('Assessment 8', 8, 90, 11, 1);
INSERT INTO assessments (name, week, grade, student_id, cohort_id) VALUES('Assessment 9', 9, 85, 11, 1);
INSERT INTO assessments (name, week, grade, student_id, cohort_id) VALUES('Assessment 10', 10, 70, 11, 1);
INSERT INTO assessments (name, week, grade, student_id, cohort_id) VALUES('Assessment 1', 1, 70, 12, 1);
INSERT INTO assessments (name, week, grade, student_id, cohort_id) VALUES('Assessment 2', 2, 90, 12, 1);
INSERT INTO assessments (name, week, grade, student_id, cohort_id) VALUES('Assessment 3', 3, 85, 12, 1);
INSERT INTO assessments (name, week, grade, student_id, cohort_id) VALUES('Assessment 4', 4, 70, 12, 1);
INSERT INTO assessments (name, week, grade, student_id, cohort_id) VALUES('Assessment 5', 5, 90, 12, 1);
INSERT INTO assessments (name, week, grade, student_id, cohort_id) VALUES('Assessment 6', 6, 85, 12, 1);
INSERT INTO assessments (name, week, grade, student_id, cohort_id) VALUES('Assessment 7', 7, 70, 12, 1);
INSERT INTO assessments (name, week, grade, student_id, cohort_id) VALUES('Assessment 8', 8, 90, 12, 1);
INSERT INTO assessments (name, week, grade, student_id, cohort_id) VALUES('Assessment 9', 9, 85, 12, 1);
INSERT INTO assessments (name, week, grade, student_id, cohort_id) VALUES('Assessment 10', 10, 70, 12, 1);
INSERT INTO assessments (name, week, grade, student_id, cohort_id) VALUES('Assessment 1', 1, 70, 13, 1);
INSERT INTO assessments (name, week, grade, student_id, cohort_id) VALUES('Assessment 2', 2, 90, 13, 1);
INSERT INTO assessments (name, week, grade, student_id, cohort_id) VALUES('Assessment 3', 3, 85, 13, 1);
INSERT INTO assessments (name, week, grade, student_id, cohort_id) VALUES('Assessment 4', 4, 70, 13, 1);
INSERT INTO assessments (name, week, grade, student_id, cohort_id) VALUES('Assessment 5', 5, 90, 13, 1);
INSERT INTO assessments (name, week, grade, student_id, cohort_id) VALUES('Assessment 6', 6, 85, 13, 1);
INSERT INTO assessments (name, week, grade, student_id, cohort_id) VALUES('Assessment 7', 7, 70, 13, 1);
INSERT INTO assessments (name, week, grade, student_id, cohort_id) VALUES('Assessment 8', 8, 90, 13, 1);
INSERT INTO assessments (name, week, grade, student_id, cohort_id) VALUES('Assessment 9', 9, 85, 13, 1);
INSERT INTO assessments (name, week, grade, student_id, cohort_id) VALUES('Assessment 10', 10, 70, 13, 1);
INSERT INTO assessments (name, week, grade, student_id, cohort_id) VALUES('Assessment 1', 1, 70, 14, 1);
INSERT INTO assessments (name, week, grade, student_id, cohort_id) VALUES('Assessment 2', 2, 90, 14, 1);
INSERT INTO assessments (name, week, grade, student_id, cohort_id) VALUES('Assessment 3', 3, 85, 14, 1);
INSERT INTO assessments (name, week, grade, student_id, cohort_id) VALUES('Assessment 4', 4, 70, 14, 1);
INSERT INTO assessments (name, week, grade, student_id, cohort_id) VALUES('Assessment 5', 5, 90, 14, 1);
INSERT INTO assessments (name, week, grade, student_id, cohort_id) VALUES('Assessment 6', 6, 85, 14, 1);
INSERT INTO assessments (name, week, grade, student_id, cohort_id) VALUES('Assessment 7', 7, 70, 14, 1);
INSERT INTO assessments (name, week, grade, student_id, cohort_id) VALUES('Assessment 8', 8, 90, 14, 1);
INSERT INTO assessments (name, week, grade, student_id, cohort_id) VALUES('Assessment 9', 9, 85, 14, 1);
INSERT INTO assessments (name, week, grade, student_id, cohort_id) VALUES('Assessment 10', 10, 70, 14, 1);
INSERT INTO assessments (name, week, grade, student_id, cohort_id) VALUES('Assessment 1', 1, 70, 15, 1);
INSERT INTO assessments (name, week, grade, student_id, cohort_id) VALUES('Assessment 2', 2, 90, 15, 1);
INSERT INTO assessments (name, week, grade, student_id, cohort_id) VALUES('Assessment 3', 3, 85, 15, 1);
INSERT INTO assessments (name, week, grade, student_id, cohort_id) VALUES('Assessment 4', 4, 70, 15, 1);
INSERT INTO assessments (name, week, grade, student_id, cohort_id) VALUES('Assessment 5', 5, 90, 15, 1);
INSERT INTO assessments (name, week, grade, student_id, cohort_id) VALUES('Assessment 6', 6, 85, 15, 1);
INSERT INTO assessments (name, week, grade, student_id, cohort_id) VALUES('Assessment 7', 7, 70, 15, 1);
INSERT INTO assessments (name, week, grade, student_id, cohort_id) VALUES('Assessment 8', 8, 90, 15, 1);
INSERT INTO assessments (name, week, grade, student_id, cohort_id) VALUES('Assessment 9', 9, 85, 15, 1);
INSERT INTO assessments (name, week, grade, student_id, cohort_id) VALUES('Assessment 10', 10, 70, 15, 1);

-- cohort 2
INSERT INTO assessments (name, week, grade, student_id, cohort_id) VALUES('Assessment 1', 1, 70, 16, 2);
INSERT INTO assessments (name, week, grade, student_id, cohort_id) VALUES('Assessment 2', 2, 90, 16, 2);
INSERT INTO assessments (name, week, grade, student_id, cohort_id) VALUES('Assessment 3', 3, 85, 16, 2);
INSERT INTO assessments (name, week, grade, student_id, cohort_id) VALUES('Assessment 4', 4, 70, 16, 2);
INSERT INTO assessments (name, week, grade, student_id, cohort_id) VALUES('Assessment 5', 5, 90, 16, 2);
INSERT INTO assessments (name, week, grade, student_id, cohort_id) VALUES('Assessment 6', 6, 85, 16, 2);
INSERT INTO assessments (name, week, grade, student_id, cohort_id) VALUES('Assessment 7', 7, 70, 16, 2);
INSERT INTO assessments (name, week, grade, student_id, cohort_id) VALUES('Assessment 1', 1, 70, 17, 2);
INSERT INTO assessments (name, week, grade, student_id, cohort_id) VALUES('Assessment 2', 2, 90, 17, 2);
INSERT INTO assessments (name, week, grade, student_id, cohort_id) VALUES('Assessment 3', 3, 85, 17, 2);
INSERT INTO assessments (name, week, grade, student_id, cohort_id) VALUES('Assessment 4', 4, 70, 17, 2);
INSERT INTO assessments (name, week, grade, student_id, cohort_id) VALUES('Assessment 5', 5, 90, 17, 2);
INSERT INTO assessments (name, week, grade, student_id, cohort_id) VALUES('Assessment 6', 6, 85, 17, 2);
INSERT INTO assessments (name, week, grade, student_id, cohort_id) VALUES('Assessment 7', 7, 70, 17, 2);
INSERT INTO assessments (name, week, grade, student_id, cohort_id) VALUES('Assessment 1', 1, 70, 18, 2);
INSERT INTO assessments (name, week, grade, student_id, cohort_id) VALUES('Assessment 2', 2, 90, 18, 2);
INSERT INTO assessments (name, week, grade, student_id, cohort_id) VALUES('Assessment 3', 3, 85, 18, 2);
INSERT INTO assessments (name, week, grade, student_id, cohort_id) VALUES('Assessment 4', 4, 70, 18, 2);
INSERT INTO assessments (name, week, grade, student_id, cohort_id) VALUES('Assessment 5', 5, 90, 18, 2);
INSERT INTO assessments (name, week, grade, student_id, cohort_id) VALUES('Assessment 6', 6, 85, 18, 2);
INSERT INTO assessments (name, week, grade, student_id, cohort_id) VALUES('Assessment 7', 7, 70, 18, 2);
INSERT INTO assessments (name, week, grade, student_id, cohort_id) VALUES('Assessment 1', 1, 70, 19, 2);
INSERT INTO assessments (name, week, grade, student_id, cohort_id) VALUES('Assessment 2', 2, 90, 19, 2);
INSERT INTO assessments (name, week, grade, student_id, cohort_id) VALUES('Assessment 3', 3, 85, 19, 2);
INSERT INTO assessments (name, week, grade, student_id, cohort_id) VALUES('Assessment 4', 4, 70, 19, 2);
INSERT INTO assessments (name, week, grade, student_id, cohort_id) VALUES('Assessment 5', 5, 90, 19, 2);
INSERT INTO assessments (name, week, grade, student_id, cohort_id) VALUES('Assessment 6', 6, 85, 19, 2);
INSERT INTO assessments (name, week, grade, student_id, cohort_id) VALUES('Assessment 7', 7, 70, 19, 2);
INSERT INTO assessments (name, week, grade, student_id, cohort_id) VALUES('Assessment 1', 1, 70, 20, 2);
INSERT INTO assessments (name, week, grade, student_id, cohort_id) VALUES('Assessment 2', 2, 90, 20, 2);
INSERT INTO assessments (name, week, grade, student_id, cohort_id) VALUES('Assessment 3', 3, 85, 20, 2);
INSERT INTO assessments (name, week, grade, student_id, cohort_id) VALUES('Assessment 4', 4, 70, 20, 2);
INSERT INTO assessments (name, week, grade, student_id, cohort_id) VALUES('Assessment 5', 5, 90, 20, 2);
INSERT INTO assessments (name, week, grade, student_id, cohort_id) VALUES('Assessment 6', 6, 85, 20, 2);
INSERT INTO assessments (name, week, grade, student_id, cohort_id) VALUES('Assessment 7', 7, 70, 20, 2);

-- cohort 3 (empty)

-- cohort 4
INSERT INTO assessments (name, week, grade, student_id, cohort_id) VALUES('Assessment 1', 1, 70, 26, 4);
INSERT INTO assessments (name, week, grade, student_id, cohort_id) VALUES('Assessment 2', 2, 90, 26, 4);
INSERT INTO assessments (name, week, grade, student_id, cohort_id) VALUES('Assessment 3', 3, 85, 26, 4);
INSERT INTO assessments (name, week, grade, student_id, cohort_id) VALUES('Assessment 4', 4, 70, 26, 4);
INSERT INTO assessments (name, week, grade, student_id, cohort_id) VALUES('Assessment 5', 5, 90, 26, 4);
INSERT INTO assessments (name, week, grade, student_id, cohort_id) VALUES('Assessment 6', 6, 85, 26, 4);
INSERT INTO assessments (name, week, grade, student_id, cohort_id) VALUES('Assessment 7', 7, 70, 26, 4);
INSERT INTO assessments (name, week, grade, student_id, cohort_id) VALUES('Assessment 8', 8, 90, 26, 4);
INSERT INTO assessments (name, week, grade, student_id, cohort_id) VALUES('Assessment 9', 9, 85, 26, 4);
INSERT INTO assessments (name, week, grade, student_id, cohort_id) VALUES('Assessment 10', 10, 70, 26, 4);
INSERT INTO assessments (name, week, grade, student_id, cohort_id) VALUES('Assessment 1', 1, 70, 27, 4);
INSERT INTO assessments (name, week, grade, student_id, cohort_id) VALUES('Assessment 2', 2, 90, 27, 4);
INSERT INTO assessments (name, week, grade, student_id, cohort_id) VALUES('Assessment 3', 3, 85, 27, 4);
INSERT INTO assessments (name, week, grade, student_id, cohort_id) VALUES('Assessment 4', 4, 70, 27, 4);
INSERT INTO assessments (name, week, grade, student_id, cohort_id) VALUES('Assessment 5', 5, 90, 27, 4);
INSERT INTO assessments (name, week, grade, student_id, cohort_id) VALUES('Assessment 6', 6, 85, 27, 4);
INSERT INTO assessments (name, week, grade, student_id, cohort_id) VALUES('Assessment 7', 7, 70, 27, 4);
INSERT INTO assessments (name, week, grade, student_id, cohort_id) VALUES('Assessment 8', 8, 90, 27, 4);
INSERT INTO assessments (name, week, grade, student_id, cohort_id) VALUES('Assessment 9', 9, 85, 27, 4);
INSERT INTO assessments (name, week, grade, student_id, cohort_id) VALUES('Assessment 10', 10, 70, 27, 4);
INSERT INTO assessments (name, week, grade, student_id, cohort_id) VALUES('Assessment 1', 1, 70, 28, 4);
INSERT INTO assessments (name, week, grade, student_id, cohort_id) VALUES('Assessment 2', 2, 90, 28, 4);
INSERT INTO assessments (name, week, grade, student_id, cohort_id) VALUES('Assessment 3', 3, 85, 28, 4);
INSERT INTO assessments (name, week, grade, student_id, cohort_id) VALUES('Assessment 4', 4, 70, 28, 4);
INSERT INTO assessments (name, week, grade, student_id, cohort_id) VALUES('Assessment 5', 5, 90, 28, 4);
INSERT INTO assessments (name, week, grade, student_id, cohort_id) VALUES('Assessment 6', 6, 85, 28, 4);
INSERT INTO assessments (name, week, grade, student_id, cohort_id) VALUES('Assessment 7', 7, 70, 28, 4);
INSERT INTO assessments (name, week, grade, student_id, cohort_id) VALUES('Assessment 8', 8, 90, 28, 4);
INSERT INTO assessments (name, week, grade, student_id, cohort_id) VALUES('Assessment 9', 9, 85, 28, 4);
INSERT INTO assessments (name, week, grade, student_id, cohort_id) VALUES('Assessment 10', 10, 70, 28, 4);
INSERT INTO assessments (name, week, grade, student_id, cohort_id) VALUES('Assessment 1', 1, 70, 29, 4);
INSERT INTO assessments (name, week, grade, student_id, cohort_id) VALUES('Assessment 2', 2, 90, 29, 4);
INSERT INTO assessments (name, week, grade, student_id, cohort_id) VALUES('Assessment 3', 3, 85, 29, 4);
INSERT INTO assessments (name, week, grade, student_id, cohort_id) VALUES('Assessment 4', 4, 70, 29, 4);
INSERT INTO assessments (name, week, grade, student_id, cohort_id) VALUES('Assessment 5', 5, 90, 29, 4);
INSERT INTO assessments (name, week, grade, student_id, cohort_id) VALUES('Assessment 6', 6, 85, 29, 4);
INSERT INTO assessments (name, week, grade, student_id, cohort_id) VALUES('Assessment 7', 7, 70, 29, 4);
INSERT INTO assessments (name, week, grade, student_id, cohort_id) VALUES('Assessment 8', 8, 90, 29, 4);
INSERT INTO assessments (name, week, grade, student_id, cohort_id) VALUES('Assessment 9', 9, 85, 29, 4);
INSERT INTO assessments (name, week, grade, student_id, cohort_id) VALUES('Assessment 10', 10, 70, 29, 4);
INSERT INTO assessments (name, week, grade, student_id, cohort_id) VALUES('Assessment 1', 1, 70, 30, 4);
INSERT INTO assessments (name, week, grade, student_id, cohort_id) VALUES('Assessment 2', 2, 90, 30, 4);
INSERT INTO assessments (name, week, grade, student_id, cohort_id) VALUES('Assessment 3', 3, 85, 30, 4);
INSERT INTO assessments (name, week, grade, student_id, cohort_id) VALUES('Assessment 4', 4, 70, 30, 4);
INSERT INTO assessments (name, week, grade, student_id, cohort_id) VALUES('Assessment 5', 5, 90, 30, 4);
INSERT INTO assessments (name, week, grade, student_id, cohort_id) VALUES('Assessment 6', 6, 85, 30, 4);
INSERT INTO assessments (name, week, grade, student_id, cohort_id) VALUES('Assessment 7', 7, 70, 30, 4);
INSERT INTO assessments (name, week, grade, student_id, cohort_id) VALUES('Assessment 8', 8, 90, 30, 4);
INSERT INTO assessments (name, week, grade, student_id, cohort_id) VALUES('Assessment 9', 9, 85, 30, 4);
INSERT INTO assessments (name, week, grade, student_id, cohort_id) VALUES('Assessment 10', 10, 70, 30, 4);
INSERT INTO assessments (name, week, grade, student_id, cohort_id) VALUES('Assessment 1', 1, 70, 31, 4);
INSERT INTO assessments (name, week, grade, student_id, cohort_id) VALUES('Assessment 2', 2, 90, 31, 4);
INSERT INTO assessments (name, week, grade, student_id, cohort_id) VALUES('Assessment 3', 3, 85, 31, 4);
INSERT INTO assessments (name, week, grade, student_id, cohort_id) VALUES('Assessment 4', 4, 70, 31, 4);
INSERT INTO assessments (name, week, grade, student_id, cohort_id) VALUES('Assessment 5', 5, 90, 31, 4);
INSERT INTO assessments (name, week, grade, student_id, cohort_id) VALUES('Assessment 6', 6, 85, 31, 4);
INSERT INTO assessments (name, week, grade, student_id, cohort_id) VALUES('Assessment 7', 7, 70, 31, 4);
INSERT INTO assessments (name, week, grade, student_id, cohort_id) VALUES('Assessment 8', 8, 90, 31, 4);
INSERT INTO assessments (name, week, grade, student_id, cohort_id) VALUES('Assessment 9', 9, 85, 31, 4);
INSERT INTO assessments (name, week, grade, student_id, cohort_id) VALUES('Assessment 10', 10, 70, 31, 4);
INSERT INTO assessments (name, week, grade, student_id, cohort_id) VALUES('Assessment 1', 1, 70, 32, 4);
INSERT INTO assessments (name, week, grade, student_id, cohort_id) VALUES('Assessment 2', 2, 90, 32, 4);
INSERT INTO assessments (name, week, grade, student_id, cohort_id) VALUES('Assessment 3', 3, 85, 32, 4);
INSERT INTO assessments (name, week, grade, student_id, cohort_id) VALUES('Assessment 4', 4, 70, 32, 4);
INSERT INTO assessments (name, week, grade, student_id, cohort_id) VALUES('Assessment 5', 5, 90, 32, 4);
INSERT INTO assessments (name, week, grade, student_id, cohort_id) VALUES('Assessment 6', 6, 85, 32, 4);
INSERT INTO assessments (name, week, grade, student_id, cohort_id) VALUES('Assessment 7', 7, 70, 32, 4);
INSERT INTO assessments (name, week, grade, student_id, cohort_id) VALUES('Assessment 8', 8, 90, 32, 4);
INSERT INTO assessments (name, week, grade, student_id, cohort_id) VALUES('Assessment 9', 9, 85, 32, 4);
INSERT INTO assessments (name, week, grade, student_id, cohort_id) VALUES('Assessment 10', 10, 70, 32, 4);
INSERT INTO assessments (name, week, grade, student_id, cohort_id) VALUES('Assessment 1', 1, 70, 33, 4);
INSERT INTO assessments (name, week, grade, student_id, cohort_id) VALUES('Assessment 2', 2, 90, 33, 4);
INSERT INTO assessments (name, week, grade, student_id, cohort_id) VALUES('Assessment 3', 3, 85, 33, 4);
INSERT INTO assessments (name, week, grade, student_id, cohort_id) VALUES('Assessment 4', 4, 70, 33, 4);
INSERT INTO assessments (name, week, grade, student_id, cohort_id) VALUES('Assessment 5', 5, 90, 33, 4);
INSERT INTO assessments (name, week, grade, student_id, cohort_id) VALUES('Assessment 6', 6, 85, 33, 4);
INSERT INTO assessments (name, week, grade, student_id, cohort_id) VALUES('Assessment 7', 7, 70, 33, 4);
INSERT INTO assessments (name, week, grade, student_id, cohort_id) VALUES('Assessment 8', 8, 90, 33, 4);
INSERT INTO assessments (name, week, grade, student_id, cohort_id) VALUES('Assessment 9', 9, 85, 33, 4);
INSERT INTO assessments (name, week, grade, student_id, cohort_id) VALUES('Assessment 10', 10, 70, 33, 4);
INSERT INTO assessments (name, week, grade, student_id, cohort_id) VALUES('Assessment 1', 1, 70, 34, 4);
INSERT INTO assessments (name, week, grade, student_id, cohort_id) VALUES('Assessment 2', 2, 90, 34, 4);
INSERT INTO assessments (name, week, grade, student_id, cohort_id) VALUES('Assessment 3', 3, 85, 34, 4);
INSERT INTO assessments (name, week, grade, student_id, cohort_id) VALUES('Assessment 4', 4, 70, 34, 4);
INSERT INTO assessments (name, week, grade, student_id, cohort_id) VALUES('Assessment 5', 5, 90, 34, 4);
INSERT INTO assessments (name, week, grade, student_id, cohort_id) VALUES('Assessment 6', 6, 85, 34, 4);
INSERT INTO assessments (name, week, grade, student_id, cohort_id) VALUES('Assessment 7', 7, 70, 34, 4);
INSERT INTO assessments (name, week, grade, student_id, cohort_id) VALUES('Assessment 8', 8, 90, 34, 4);
INSERT INTO assessments (name, week, grade, student_id, cohort_id) VALUES('Assessment 9', 9, 85, 34, 4);
INSERT INTO assessments (name, week, grade, student_id, cohort_id) VALUES('Assessment 10', 10, 70, 34, 4);
INSERT INTO assessments (name, week, grade, student_id, cohort_id) VALUES('Assessment 1', 1, 70, 35, 4);
INSERT INTO assessments (name, week, grade, student_id, cohort_id) VALUES('Assessment 2', 2, 90, 35, 4);
INSERT INTO assessments (name, week, grade, student_id, cohort_id) VALUES('Assessment 3', 3, 85, 35, 4);
INSERT INTO assessments (name, week, grade, student_id, cohort_id) VALUES('Assessment 4', 4, 70, 35, 4);
INSERT INTO assessments (name, week, grade, student_id, cohort_id) VALUES('Assessment 5', 5, 90, 35, 4);
INSERT INTO assessments (name, week, grade, student_id, cohort_id) VALUES('Assessment 6', 6, 85, 35, 4);
INSERT INTO assessments (name, week, grade, student_id, cohort_id) VALUES('Assessment 7', 7, 70, 35, 4);
INSERT INTO assessments (name, week, grade, student_id, cohort_id) VALUES('Assessment 8', 8, 90, 35, 4);
INSERT INTO assessments (name, week, grade, student_id, cohort_id) VALUES('Assessment 9', 9, 85, 35, 4);
INSERT INTO assessments (name, week, grade, student_id, cohort_id) VALUES('Assessment 10', 10, 70, 35, 4);
INSERT INTO assessments (name, week, grade, student_id, cohort_id) VALUES('Assessment 1', 1, 70, 36, 4);
INSERT INTO assessments (name, week, grade, student_id, cohort_id) VALUES('Assessment 2', 2, 90, 36, 4);
INSERT INTO assessments (name, week, grade, student_id, cohort_id) VALUES('Assessment 3', 3, 85, 36, 4);
INSERT INTO assessments (name, week, grade, student_id, cohort_id) VALUES('Assessment 4', 4, 70, 36, 4);
INSERT INTO assessments (name, week, grade, student_id, cohort_id) VALUES('Assessment 5', 5, 90, 36, 4);
INSERT INTO assessments (name, week, grade, student_id, cohort_id) VALUES('Assessment 6', 6, 85, 36, 4);
INSERT INTO assessments (name, week, grade, student_id, cohort_id) VALUES('Assessment 7', 7, 70, 36, 4);
INSERT INTO assessments (name, week, grade, student_id, cohort_id) VALUES('Assessment 8', 8, 90, 36, 4);
INSERT INTO assessments (name, week, grade, student_id, cohort_id) VALUES('Assessment 9', 9, 85, 36, 4);
INSERT INTO assessments (name, week, grade, student_id, cohort_id) VALUES('Assessment 10', 10, 70, 36, 4);
INSERT INTO assessments (name, week, grade, student_id, cohort_id) VALUES('Assessment 1', 1, 70, 37, 4);
INSERT INTO assessments (name, week, grade, student_id, cohort_id) VALUES('Assessment 2', 2, 90, 37, 4);
INSERT INTO assessments (name, week, grade, student_id, cohort_id) VALUES('Assessment 3', 3, 85, 37, 4);
INSERT INTO assessments (name, week, grade, student_id, cohort_id) VALUES('Assessment 4', 4, 70, 37, 4);
INSERT INTO assessments (name, week, grade, student_id, cohort_id) VALUES('Assessment 5', 5, 90, 37, 4);
INSERT INTO assessments (name, week, grade, student_id, cohort_id) VALUES('Assessment 6', 6, 85, 37, 4);
INSERT INTO assessments (name, week, grade, student_id, cohort_id) VALUES('Assessment 7', 7, 70, 37, 4);
INSERT INTO assessments (name, week, grade, student_id, cohort_id) VALUES('Assessment 8', 8, 90, 37, 4);
INSERT INTO assessments (name, week, grade, student_id, cohort_id) VALUES('Assessment 9', 9, 85, 37, 4);
INSERT INTO assessments (name, week, grade, student_id, cohort_id) VALUES('Assessment 10', 10, 70, 37, 4);
INSERT INTO assessments (name, week, grade, student_id, cohort_id) VALUES('Assessment 1', 1, 70, 38, 4);
INSERT INTO assessments (name, week, grade, student_id, cohort_id) VALUES('Assessment 2', 2, 90, 38, 4);
INSERT INTO assessments (name, week, grade, student_id, cohort_id) VALUES('Assessment 3', 3, 85, 38, 4);
INSERT INTO assessments (name, week, grade, student_id, cohort_id) VALUES('Assessment 4', 4, 70, 38, 4);
INSERT INTO assessments (name, week, grade, student_id, cohort_id) VALUES('Assessment 5', 5, 90, 38, 4);
INSERT INTO assessments (name, week, grade, student_id, cohort_id) VALUES('Assessment 6', 6, 85, 38, 4);
INSERT INTO assessments (name, week, grade, student_id, cohort_id) VALUES('Assessment 7', 7, 70, 38, 4);
INSERT INTO assessments (name, week, grade, student_id, cohort_id) VALUES('Assessment 8', 8, 90, 38, 4);
INSERT INTO assessments (name, week, grade, student_id, cohort_id) VALUES('Assessment 9', 9, 85, 38, 4);
INSERT INTO assessments (name, week, grade, student_id, cohort_id) VALUES('Assessment 10', 10, 70, 38, 4);
INSERT INTO assessments (name, week, grade, student_id, cohort_id) VALUES('Assessment 1', 1, 70, 39, 4);
INSERT INTO assessments (name, week, grade, student_id, cohort_id) VALUES('Assessment 2', 2, 90, 39, 4);
INSERT INTO assessments (name, week, grade, student_id, cohort_id) VALUES('Assessment 3', 3, 85, 39, 4);
INSERT INTO assessments (name, week, grade, student_id, cohort_id) VALUES('Assessment 4', 4, 70, 39, 4);
INSERT INTO assessments (name, week, grade, student_id, cohort_id) VALUES('Assessment 5', 5, 90, 39, 4);
INSERT INTO assessments (name, week, grade, student_id, cohort_id) VALUES('Assessment 6', 6, 85, 39, 4);
INSERT INTO assessments (name, week, grade, student_id, cohort_id) VALUES('Assessment 7', 7, 70, 39, 4);
INSERT INTO assessments (name, week, grade, student_id, cohort_id) VALUES('Assessment 8', 8, 90, 39, 4);
INSERT INTO assessments (name, week, grade, student_id, cohort_id) VALUES('Assessment 9', 9, 85, 39, 4);
INSERT INTO assessments (name, week, grade, student_id, cohort_id) VALUES('Assessment 10', 10, 70, 39, 4);
INSERT INTO assessments (name, week, grade, student_id, cohort_id) VALUES('Assessment 1', 1, 70, 40, 4);
INSERT INTO assessments (name, week, grade, student_id, cohort_id) VALUES('Assessment 2', 2, 90, 40, 4);
INSERT INTO assessments (name, week, grade, student_id, cohort_id) VALUES('Assessment 3', 3, 85, 40, 4);
INSERT INTO assessments (name, week, grade, student_id, cohort_id) VALUES('Assessment 4', 4, 70, 40, 4);
INSERT INTO assessments (name, week, grade, student_id, cohort_id) VALUES('Assessment 5', 5, 90, 40, 4);
INSERT INTO assessments (name, week, grade, student_id, cohort_id) VALUES('Assessment 6', 6, 85, 40, 4);
INSERT INTO assessments (name, week, grade, student_id, cohort_id) VALUES('Assessment 7', 7, 70, 40, 4);
INSERT INTO assessments (name, week, grade, student_id, cohort_id) VALUES('Assessment 8', 8, 90, 40, 4);
INSERT INTO assessments (name, week, grade, student_id, cohort_id) VALUES('Assessment 9', 9, 85, 40, 4);
INSERT INTO assessments (name, week, grade, student_id, cohort_id) VALUES('Assessment 10', 10, 70, 40, 4);

-- cohort 5
INSERT INTO assessments (name, week, grade, student_id, cohort_id) VALUES('Assessment 1', 1, 70, 41, 5);
INSERT INTO assessments (name, week, grade, student_id, cohort_id) VALUES('Assessment 2', 2, 90, 41, 5);
INSERT INTO assessments (name, week, grade, student_id, cohort_id) VALUES('Assessment 3', 3, 85, 41, 5);
INSERT INTO assessments (name, week, grade, student_id, cohort_id) VALUES('Assessment 4', 4, 70, 41, 5);
INSERT INTO assessments (name, week, grade, student_id, cohort_id) VALUES('Assessment 5', 5, 90, 41, 5);
INSERT INTO assessments (name, week, grade, student_id, cohort_id) VALUES('Assessment 6', 6, 85, 41, 5);
INSERT INTO assessments (name, week, grade, student_id, cohort_id) VALUES('Assessment 7', 7, 70, 41, 5);
INSERT INTO assessments (name, week, grade, student_id, cohort_id) VALUES('Assessment 1', 1, 70, 42, 5);
INSERT INTO assessments (name, week, grade, student_id, cohort_id) VALUES('Assessment 2', 2, 90, 42, 5);
INSERT INTO assessments (name, week, grade, student_id, cohort_id) VALUES('Assessment 3', 3, 85, 42, 5);
INSERT INTO assessments (name, week, grade, student_id, cohort_id) VALUES('Assessment 4', 4, 70, 42, 5);
INSERT INTO assessments (name, week, grade, student_id, cohort_id) VALUES('Assessment 5', 5, 90, 42, 5);
INSERT INTO assessments (name, week, grade, student_id, cohort_id) VALUES('Assessment 6', 6, 85, 42, 5);
INSERT INTO assessments (name, week, grade, student_id, cohort_id) VALUES('Assessment 7', 7, 70, 42, 5);
INSERT INTO assessments (name, week, grade, student_id, cohort_id) VALUES('Assessment 1', 1, 70, 43, 5);
INSERT INTO assessments (name, week, grade, student_id, cohort_id) VALUES('Assessment 2', 2, 90, 43, 5);
INSERT INTO assessments (name, week, grade, student_id, cohort_id) VALUES('Assessment 3', 3, 85, 43, 5);
INSERT INTO assessments (name, week, grade, student_id, cohort_id) VALUES('Assessment 4', 4, 70, 43, 5);
INSERT INTO assessments (name, week, grade, student_id, cohort_id) VALUES('Assessment 5', 5, 90, 43, 5);
INSERT INTO assessments (name, week, grade, student_id, cohort_id) VALUES('Assessment 6', 6, 85, 43, 5);
INSERT INTO assessments (name, week, grade, student_id, cohort_id) VALUES('Assessment 7', 7, 70, 43, 5);
INSERT INTO assessments (name, week, grade, student_id, cohort_id) VALUES('Assessment 1', 1, 70, 44, 5);
INSERT INTO assessments (name, week, grade, student_id, cohort_id) VALUES('Assessment 2', 2, 90, 44, 5);
INSERT INTO assessments (name, week, grade, student_id, cohort_id) VALUES('Assessment 3', 3, 85, 44, 5);
INSERT INTO assessments (name, week, grade, student_id, cohort_id) VALUES('Assessment 4', 4, 70, 44, 5);
INSERT INTO assessments (name, week, grade, student_id, cohort_id) VALUES('Assessment 5', 5, 90, 44, 5);
INSERT INTO assessments (name, week, grade, student_id, cohort_id) VALUES('Assessment 6', 6, 85, 44, 5);
INSERT INTO assessments (name, week, grade, student_id, cohort_id) VALUES('Assessment 7', 7, 70, 44, 5);
INSERT INTO assessments (name, week, grade, student_id, cohort_id) VALUES('Assessment 1', 1, 70, 45, 5);
INSERT INTO assessments (name, week, grade, student_id, cohort_id) VALUES('Assessment 2', 2, 90, 45, 5);
INSERT INTO assessments (name, week, grade, student_id, cohort_id) VALUES('Assessment 3', 3, 85, 45, 5);
INSERT INTO assessments (name, week, grade, student_id, cohort_id) VALUES('Assessment 4', 4, 70, 45, 5);
INSERT INTO assessments (name, week, grade, student_id, cohort_id) VALUES('Assessment 5', 5, 90, 45, 5);
INSERT INTO assessments (name, week, grade, student_id, cohort_id) VALUES('Assessment 6', 6, 85, 45, 5);
INSERT INTO assessments (name, week, grade, student_id, cohort_id) VALUES('Assessment 7', 7, 70, 45, 5);

-- cohort 6 (empty)

-- nps

-- cohort 1
INSERT INTO nps (week, score, student_id, cohort_id) VALUES(1, 5, 1, 1);
INSERT INTO nps (week, score, student_id, cohort_id) VALUES(2, 5, 1, 1);
INSERT INTO nps (week, score, student_id, cohort_id) VALUES(3, 5, 1, 1);
INSERT INTO nps (week, score, student_id, cohort_id) VALUES(4, 5, 1, 1);
INSERT INTO nps (week, score, student_id, cohort_id) VALUES(5, 5, 1, 1);
INSERT INTO nps (week, score, student_id, cohort_id) VALUES(6, 5, 1, 1);
INSERT INTO nps (week, score, student_id, cohort_id) VALUES(7, 4, 1, 1);
INSERT INTO nps (week, score, student_id, cohort_id) VALUES(8, 4, 1, 1);
INSERT INTO nps (week, score, student_id, cohort_id) VALUES(9, 4, 1, 1);
INSERT INTO nps (week, score, student_id, cohort_id) VALUES(10, 4, 1, 1);
INSERT INTO nps (week, score, student_id, cohort_id) VALUES(1, 4, 2, 1);
INSERT INTO nps (week, score, student_id, cohort_id) VALUES(2, 4, 2, 1);
INSERT INTO nps (week, score, student_id, cohort_id) VALUES(3, 4, 2, 1);
INSERT INTO nps (week, score, student_id, cohort_id) VALUES(4, 4, 2, 1);
INSERT INTO nps (week, score, student_id, cohort_id) VALUES(5, 4, 2, 1);
INSERT INTO nps (week, score, student_id, cohort_id) VALUES(6, 4, 2, 1);
INSERT INTO nps (week, score, student_id, cohort_id) VALUES(7, 4, 2, 1);
INSERT INTO nps (week, score, student_id, cohort_id) VALUES(8, 4, 2, 1);
INSERT INTO nps (week, score, student_id, cohort_id) VALUES(9, 4, 2, 1);
INSERT INTO nps (week, score, student_id, cohort_id) VALUES(10, 4, 2, 1);
INSERT INTO nps (week, score, student_id, cohort_id) VALUES(1, 4, 3, 1);
INSERT INTO nps (week, score, student_id, cohort_id) VALUES(2, 4, 3, 1);
INSERT INTO nps (week, score, student_id, cohort_id) VALUES(3, 4, 3, 1);
INSERT INTO nps (week, score, student_id, cohort_id) VALUES(4, 4, 3, 1);
INSERT INTO nps (week, score, student_id, cohort_id) VALUES(5, 4, 3, 1);
INSERT INTO nps (week, score, student_id, cohort_id) VALUES(6, 4, 3, 1);
INSERT INTO nps (week, score, student_id, cohort_id) VALUES(7, 4, 3, 1);
INSERT INTO nps (week, score, student_id, cohort_id) VALUES(8, 4, 3, 1);
INSERT INTO nps (week, score, student_id, cohort_id) VALUES(9, 5, 3, 1);
INSERT INTO nps (week, score, student_id, cohort_id) VALUES(10, 5, 3, 1);
INSERT INTO nps (week, score, student_id, cohort_id) VALUES(1, 5, 4, 1);
INSERT INTO nps (week, score, student_id, cohort_id) VALUES(2, 5, 4, 1);
INSERT INTO nps (week, score, student_id, cohort_id) VALUES(3, 5, 4, 1);
INSERT INTO nps (week, score, student_id, cohort_id) VALUES(4, 5, 4, 1);
INSERT INTO nps (week, score, student_id, cohort_id) VALUES(5, 5, 4, 1);
INSERT INTO nps (week, score, student_id, cohort_id) VALUES(6, 5, 4, 1);
INSERT INTO nps (week, score, student_id, cohort_id) VALUES(7, 5, 4, 1);
INSERT INTO nps (week, score, student_id, cohort_id) VALUES(8, 5, 4, 1);
INSERT INTO nps (week, score, student_id, cohort_id) VALUES(9, 5, 4, 1);
INSERT INTO nps (week, score, student_id, cohort_id) VALUES(10, 3, 4, 1);
INSERT INTO nps (week, score, student_id, cohort_id) VALUES(1, 3, 5, 1);
INSERT INTO nps (week, score, student_id, cohort_id) VALUES(2, 3, 5, 1);
INSERT INTO nps (week, score, student_id, cohort_id) VALUES(3, 3, 5, 1);
INSERT INTO nps (week, score, student_id, cohort_id) VALUES(4, 3, 5, 1);
INSERT INTO nps (week, score, student_id, cohort_id) VALUES(5, 3, 5, 1);
INSERT INTO nps (week, score, student_id, cohort_id) VALUES(6, 3, 5, 1);
INSERT INTO nps (week, score, student_id, cohort_id) VALUES(7, 3, 5, 1);
INSERT INTO nps (week, score, student_id, cohort_id) VALUES(8, 3, 5, 1);
INSERT INTO nps (week, score, student_id, cohort_id) VALUES(9, 3, 5, 1);
INSERT INTO nps (week, score, student_id, cohort_id) VALUES(10, 3, 5, 1);
INSERT INTO nps (week, score, student_id, cohort_id) VALUES(1, 3, 6, 1);
INSERT INTO nps (week, score, student_id, cohort_id) VALUES(2, 3, 6, 1);
INSERT INTO nps (week, score, student_id, cohort_id) VALUES(3, 3, 6, 1);
INSERT INTO nps (week, score, student_id, cohort_id) VALUES(4, 3, 6, 1);
INSERT INTO nps (week, score, student_id, cohort_id) VALUES(5, 3, 6, 1);
INSERT INTO nps (week, score, student_id, cohort_id) VALUES(6, 3, 6, 1);
INSERT INTO nps (week, score, student_id, cohort_id) VALUES(7, 3, 6, 1);
INSERT INTO nps (week, score, student_id, cohort_id) VALUES(8, 3, 6, 1);
INSERT INTO nps (week, score, student_id, cohort_id) VALUES(9, 3, 6, 1);
INSERT INTO nps (week, score, student_id, cohort_id) VALUES(10, 3, 6, 1);
INSERT INTO nps (week, score, student_id, cohort_id) VALUES(1, 3, 7, 1);
INSERT INTO nps (week, score, student_id, cohort_id) VALUES(2, 4, 7, 1);
INSERT INTO nps (week, score, student_id, cohort_id) VALUES(3, 4, 7, 1);
INSERT INTO nps (week, score, student_id, cohort_id) VALUES(4, 4, 7, 1);
INSERT INTO nps (week, score, student_id, cohort_id) VALUES(5, 4, 7, 1);
INSERT INTO nps (week, score, student_id, cohort_id) VALUES(6, 4, 7, 1);
INSERT INTO nps (week, score, student_id, cohort_id) VALUES(7, 4, 7, 1);
INSERT INTO nps (week, score, student_id, cohort_id) VALUES(8, 4, 7, 1);
INSERT INTO nps (week, score, student_id, cohort_id) VALUES(9, 4, 7, 1);
INSERT INTO nps (week, score, student_id, cohort_id) VALUES(10, 4, 7, 1);
INSERT INTO nps (week, score, student_id, cohort_id) VALUES(1, 4, 8, 1);
INSERT INTO nps (week, score, student_id, cohort_id) VALUES(2, 4, 8, 1);
INSERT INTO nps (week, score, student_id, cohort_id) VALUES(3, 4, 8, 1);
INSERT INTO nps (week, score, student_id, cohort_id) VALUES(4, 4, 8, 1);
INSERT INTO nps (week, score, student_id, cohort_id) VALUES(5, 4, 8, 1);
INSERT INTO nps (week, score, student_id, cohort_id) VALUES(6, 5, 8, 1);
INSERT INTO nps (week, score, student_id, cohort_id) VALUES(7, 5, 8, 1);
INSERT INTO nps (week, score, student_id, cohort_id) VALUES(8, 5, 8, 1);
INSERT INTO nps (week, score, student_id, cohort_id) VALUES(9, 5, 8, 1);
INSERT INTO nps (week, score, student_id, cohort_id) VALUES(10, 5, 8, 1);
INSERT INTO nps (week, score, student_id, cohort_id) VALUES(1, 5, 9, 1);
INSERT INTO nps (week, score, student_id, cohort_id) VALUES(2, 5, 9, 1);
INSERT INTO nps (week, score, student_id, cohort_id) VALUES(3, 5, 9, 1);
INSERT INTO nps (week, score, student_id, cohort_id) VALUES(4, 5, 9, 1);
INSERT INTO nps (week, score, student_id, cohort_id) VALUES(5, 5, 9, 1);
INSERT INTO nps (week, score, student_id, cohort_id) VALUES(6, 5, 9, 1);
INSERT INTO nps (week, score, student_id, cohort_id) VALUES(7, 5, 9, 1);
INSERT INTO nps (week, score, student_id, cohort_id) VALUES(8, 5, 9, 1);
INSERT INTO nps (week, score, student_id, cohort_id) VALUES(9, 5, 9, 1);
INSERT INTO nps (week, score, student_id, cohort_id) VALUES(10, 5, 9, 1);
INSERT INTO nps (week, score, student_id, cohort_id) VALUES(1, 5, 10, 1);
INSERT INTO nps (week, score, student_id, cohort_id) VALUES(2, 5, 10, 1);
INSERT INTO nps (week, score, student_id, cohort_id) VALUES(3, 5, 10, 1);
INSERT INTO nps (week, score, student_id, cohort_id) VALUES(4, 5, 10, 1);
INSERT INTO nps (week, score, student_id, cohort_id) VALUES(5, 5, 10, 1);
INSERT INTO nps (week, score, student_id, cohort_id) VALUES(6, 4, 10, 1);
INSERT INTO nps (week, score, student_id, cohort_id) VALUES(7, 4, 10, 1);
INSERT INTO nps (week, score, student_id, cohort_id) VALUES(8, 4, 10, 1);
INSERT INTO nps (week, score, student_id, cohort_id) VALUES(9, 4, 10, 1);
INSERT INTO nps (week, score, student_id, cohort_id) VALUES(10, 4, 10, 1);
INSERT INTO nps (week, score, student_id, cohort_id) VALUES(1, 4, 11, 1);
INSERT INTO nps (week, score, student_id, cohort_id) VALUES(2, 4, 11, 1);
INSERT INTO nps (week, score, student_id, cohort_id) VALUES(3, 4, 11, 1);
INSERT INTO nps (week, score, student_id, cohort_id) VALUES(4, 4, 11, 1);
INSERT INTO nps (week, score, student_id, cohort_id) VALUES(5, 4, 11, 1);
INSERT INTO nps (week, score, student_id, cohort_id) VALUES(6, 3, 11, 1);
INSERT INTO nps (week, score, student_id, cohort_id) VALUES(7, 3, 11, 1);
INSERT INTO nps (week, score, student_id, cohort_id) VALUES(8, 3, 11, 1);
INSERT INTO nps (week, score, student_id, cohort_id) VALUES(9, 3, 11, 1);
INSERT INTO nps (week, score, student_id, cohort_id) VALUES(10, 3, 11, 1);
INSERT INTO nps (week, score, student_id, cohort_id) VALUES(1, 3, 12, 1);
INSERT INTO nps (week, score, student_id, cohort_id) VALUES(2, 3, 12, 1);
INSERT INTO nps (week, score, student_id, cohort_id) VALUES(3, 3, 12, 1);
INSERT INTO nps (week, score, student_id, cohort_id) VALUES(4, 3, 12, 1);
INSERT INTO nps (week, score, student_id, cohort_id) VALUES(5, 3, 12, 1);
INSERT INTO nps (week, score, student_id, cohort_id) VALUES(6, 3, 12, 1);
INSERT INTO nps (week, score, student_id, cohort_id) VALUES(7, 3, 12, 1);
INSERT INTO nps (week, score, student_id, cohort_id) VALUES(8, 3, 12, 1);
INSERT INTO nps (week, score, student_id, cohort_id) VALUES(9, 3, 12, 1);
INSERT INTO nps (week, score, student_id, cohort_id) VALUES(10, 3, 12, 1);
INSERT INTO nps (week, score, student_id, cohort_id) VALUES(1, 5, 13, 1);
INSERT INTO nps (week, score, student_id, cohort_id) VALUES(2, 5, 13, 1);
INSERT INTO nps (week, score, student_id, cohort_id) VALUES(3, 5, 13, 1);
INSERT INTO nps (week, score, student_id, cohort_id) VALUES(4, 5, 13, 1);
INSERT INTO nps (week, score, student_id, cohort_id) VALUES(5, 5, 13, 1);
INSERT INTO nps (week, score, student_id, cohort_id) VALUES(6, 5, 13, 1);
INSERT INTO nps (week, score, student_id, cohort_id) VALUES(7, 5, 13, 1);
INSERT INTO nps (week, score, student_id, cohort_id) VALUES(8, 5, 13, 1);
INSERT INTO nps (week, score, student_id, cohort_id) VALUES(9, 5, 13, 1);
INSERT INTO nps (week, score, student_id, cohort_id) VALUES(10, 5, 13, 1);
INSERT INTO nps (week, score, student_id, cohort_id) VALUES(1, 5, 14, 1);
INSERT INTO nps (week, score, student_id, cohort_id) VALUES(2, 5, 14, 1);
INSERT INTO nps (week, score, student_id, cohort_id) VALUES(3, 5, 14, 1);
INSERT INTO nps (week, score, student_id, cohort_id) VALUES(4, 5, 14, 1);
INSERT INTO nps (week, score, student_id, cohort_id) VALUES(5, 5, 14, 1);
INSERT INTO nps (week, score, student_id, cohort_id) VALUES(6, 5, 14, 1);
INSERT INTO nps (week, score, student_id, cohort_id) VALUES(7, 4, 14, 1);
INSERT INTO nps (week, score, student_id, cohort_id) VALUES(8, 4, 14, 1);
INSERT INTO nps (week, score, student_id, cohort_id) VALUES(9, 4, 14, 1);
INSERT INTO nps (week, score, student_id, cohort_id) VALUES(10, 4, 14, 1);
INSERT INTO nps (week, score, student_id, cohort_id) VALUES(1, 4, 15, 1);
INSERT INTO nps (week, score, student_id, cohort_id) VALUES(2, 4, 15, 1);
INSERT INTO nps (week, score, student_id, cohort_id) VALUES(3, 4, 15, 1);
INSERT INTO nps (week, score, student_id, cohort_id) VALUES(4, 4, 15, 1);
INSERT INTO nps (week, score, student_id, cohort_id) VALUES(5, 4, 15, 1);
INSERT INTO nps (week, score, student_id, cohort_id) VALUES(6, 4, 15, 1);
INSERT INTO nps (week, score, student_id, cohort_id) VALUES(7, 4, 15, 1);
INSERT INTO nps (week, score, student_id, cohort_id) VALUES(8, 4, 15, 1);
INSERT INTO nps (week, score, student_id, cohort_id) VALUES(9, 4, 15, 1);
INSERT INTO nps (week, score, student_id, cohort_id) VALUES(10, 4, 15, 1);

-- cohort 2
INSERT INTO nps (week, score, student_id, cohort_id) VALUES(1, 4, 16, 2);
INSERT INTO nps (week, score, student_id, cohort_id) VALUES(2, 4, 16, 2);
INSERT INTO nps (week, score, student_id, cohort_id) VALUES(3, 4, 16, 2);
INSERT INTO nps (week, score, student_id, cohort_id) VALUES(4, 4, 16, 2);
INSERT INTO nps (week, score, student_id, cohort_id) VALUES(5, 4, 16, 2);
INSERT INTO nps (week, score, student_id, cohort_id) VALUES(6, 4, 16, 2);
INSERT INTO nps (week, score, student_id, cohort_id) VALUES(7, 4, 16, 2);
INSERT INTO nps (week, score, student_id, cohort_id) VALUES(1, 4, 17, 2);
INSERT INTO nps (week, score, student_id, cohort_id) VALUES(2, 4, 17, 2);
INSERT INTO nps (week, score, student_id, cohort_id) VALUES(3, 5, 17, 2);
INSERT INTO nps (week, score, student_id, cohort_id) VALUES(4, 5, 17, 2);
INSERT INTO nps (week, score, student_id, cohort_id) VALUES(5, 5, 17, 2);
INSERT INTO nps (week, score, student_id, cohort_id) VALUES(6, 5, 17, 2);
INSERT INTO nps (week, score, student_id, cohort_id) VALUES(7, 5, 17, 2);
INSERT INTO nps (week, score, student_id, cohort_id) VALUES(1, 5, 18, 2);
INSERT INTO nps (week, score, student_id, cohort_id) VALUES(2, 5, 18, 2);
INSERT INTO nps (week, score, student_id, cohort_id) VALUES(3, 5, 18, 2);
INSERT INTO nps (week, score, student_id, cohort_id) VALUES(4, 4, 18, 2);
INSERT INTO nps (week, score, student_id, cohort_id) VALUES(5, 4, 18, 2);
INSERT INTO nps (week, score, student_id, cohort_id) VALUES(6, 4, 18, 2);
INSERT INTO nps (week, score, student_id, cohort_id) VALUES(7, 4, 18, 2);
INSERT INTO nps (week, score, student_id, cohort_id) VALUES(1, 4, 19, 2);
INSERT INTO nps (week, score, student_id, cohort_id) VALUES(2, 4, 19, 2);
INSERT INTO nps (week, score, student_id, cohort_id) VALUES(3, 4, 19, 2);
INSERT INTO nps (week, score, student_id, cohort_id) VALUES(4, 4, 19, 2);
INSERT INTO nps (week, score, student_id, cohort_id) VALUES(5, 4, 19, 2);
INSERT INTO nps (week, score, student_id, cohort_id) VALUES(6, 4, 19, 2);
INSERT INTO nps (week, score, student_id, cohort_id) VALUES(7, 4, 19, 2);
INSERT INTO nps (week, score, student_id, cohort_id) VALUES(1, 3, 20, 2);
INSERT INTO nps (week, score, student_id, cohort_id) VALUES(2, 3, 20, 2);
INSERT INTO nps (week, score, student_id, cohort_id) VALUES(3, 3, 20, 2);
INSERT INTO nps (week, score, student_id, cohort_id) VALUES(4, 3, 20, 2);
INSERT INTO nps (week, score, student_id, cohort_id) VALUES(5, 3, 20, 2);
INSERT INTO nps (week, score, student_id, cohort_id) VALUES(6, 3, 20, 2);
INSERT INTO nps (week, score, student_id, cohort_id) VALUES(7, 3, 20, 2);

-- cohort 3 (empty)

-- cohort 4
INSERT INTO nps (week, score, student_id, cohort_id) VALUES(1, 4, 26, 4);
INSERT INTO nps (week, score, student_id, cohort_id) VALUES(2, 4, 26, 4);
INSERT INTO nps (week, score, student_id, cohort_id) VALUES(3, 4, 26, 4);
INSERT INTO nps (week, score, student_id, cohort_id) VALUES(4, 4, 26, 4);
INSERT INTO nps (week, score, student_id, cohort_id) VALUES(5, 4, 26, 4);
INSERT INTO nps (week, score, student_id, cohort_id) VALUES(6, 4, 26, 4);
INSERT INTO nps (week, score, student_id, cohort_id) VALUES(7, 4, 26, 4);
INSERT INTO nps (week, score, student_id, cohort_id) VALUES(8, 4, 26, 4);
INSERT INTO nps (week, score, student_id, cohort_id) VALUES(9, 5, 26, 4);
INSERT INTO nps (week, score, student_id, cohort_id) VALUES(10, 5, 26, 4);
INSERT INTO nps (week, score, student_id, cohort_id) VALUES(1, 5, 27, 4);
INSERT INTO nps (week, score, student_id, cohort_id) VALUES(2, 5, 27, 4);
INSERT INTO nps (week, score, student_id, cohort_id) VALUES(3, 5, 27, 4);
INSERT INTO nps (week, score, student_id, cohort_id) VALUES(4, 5, 27, 4);
INSERT INTO nps (week, score, student_id, cohort_id) VALUES(5, 5, 27, 4);
INSERT INTO nps (week, score, student_id, cohort_id) VALUES(6, 5, 27, 4);
INSERT INTO nps (week, score, student_id, cohort_id) VALUES(7, 5, 27, 4);
INSERT INTO nps (week, score, student_id, cohort_id) VALUES(8, 5, 27, 4);
INSERT INTO nps (week, score, student_id, cohort_id) VALUES(9, 5, 27, 4);
INSERT INTO nps (week, score, student_id, cohort_id) VALUES(10, 5, 27, 4);
INSERT INTO nps (week, score, student_id, cohort_id) VALUES(1, 5, 28, 4);
INSERT INTO nps (week, score, student_id, cohort_id) VALUES(2, 5, 28, 4);
INSERT INTO nps (week, score, student_id, cohort_id) VALUES(3, 5, 28, 4);
INSERT INTO nps (week, score, student_id, cohort_id) VALUES(4, 4, 28, 4);
INSERT INTO nps (week, score, student_id, cohort_id) VALUES(5, 4, 28, 4);
INSERT INTO nps (week, score, student_id, cohort_id) VALUES(6, 4, 28, 4);
INSERT INTO nps (week, score, student_id, cohort_id) VALUES(7, 4, 28, 4);
INSERT INTO nps (week, score, student_id, cohort_id) VALUES(8, 4, 28, 4);
INSERT INTO nps (week, score, student_id, cohort_id) VALUES(9, 4, 28, 4);
INSERT INTO nps (week, score, student_id, cohort_id) VALUES(10, 4, 28, 4);
INSERT INTO nps (week, score, student_id, cohort_id) VALUES(1, 4, 29, 4);
INSERT INTO nps (week, score, student_id, cohort_id) VALUES(2, 4, 29, 4);
INSERT INTO nps (week, score, student_id, cohort_id) VALUES(3, 4, 29, 4);
INSERT INTO nps (week, score, student_id, cohort_id) VALUES(4, 4, 29, 4);
INSERT INTO nps (week, score, student_id, cohort_id) VALUES(5, 4, 29, 4);
INSERT INTO nps (week, score, student_id, cohort_id) VALUES(6, 4, 29, 4);
INSERT INTO nps (week, score, student_id, cohort_id) VALUES(7, 4, 29, 4);
INSERT INTO nps (week, score, student_id, cohort_id) VALUES(8, 4, 29, 4);
INSERT INTO nps (week, score, student_id, cohort_id) VALUES(9, 5, 29, 4);
INSERT INTO nps (week, score, student_id, cohort_id) VALUES(10, 5, 29, 4);
INSERT INTO nps (week, score, student_id, cohort_id) VALUES(1, 5, 30, 4);
INSERT INTO nps (week, score, student_id, cohort_id) VALUES(2, 5, 30, 4);
INSERT INTO nps (week, score, student_id, cohort_id) VALUES(3, 5, 30, 4);
INSERT INTO nps (week, score, student_id, cohort_id) VALUES(4, 5, 30, 4);
INSERT INTO nps (week, score, student_id, cohort_id) VALUES(5, 5, 30, 4);
INSERT INTO nps (week, score, student_id, cohort_id) VALUES(6, 5, 30, 4);
INSERT INTO nps (week, score, student_id, cohort_id) VALUES(7, 5, 30, 4);
INSERT INTO nps (week, score, student_id, cohort_id) VALUES(8, 5, 30, 4);
INSERT INTO nps (week, score, student_id, cohort_id) VALUES(9, 5, 30, 4);
INSERT INTO nps (week, score, student_id, cohort_id) VALUES(10, 4, 30, 4);
INSERT INTO nps (week, score, student_id, cohort_id) VALUES(1, 4, 31, 4);
INSERT INTO nps (week, score, student_id, cohort_id) VALUES(2, 4, 31, 4);
INSERT INTO nps (week, score, student_id, cohort_id) VALUES(3, 4, 31, 4);
INSERT INTO nps (week, score, student_id, cohort_id) VALUES(4, 4, 31, 4);
INSERT INTO nps (week, score, student_id, cohort_id) VALUES(5, 4, 31, 4);
INSERT INTO nps (week, score, student_id, cohort_id) VALUES(6, 4, 31, 4);
INSERT INTO nps (week, score, student_id, cohort_id) VALUES(7, 4, 31, 4);
INSERT INTO nps (week, score, student_id, cohort_id) VALUES(8, 4, 31, 4);
INSERT INTO nps (week, score, student_id, cohort_id) VALUES(9, 4, 31, 4);
INSERT INTO nps (week, score, student_id, cohort_id) VALUES(10, 4, 31, 4);
INSERT INTO nps (week, score, student_id, cohort_id) VALUES(1, 4, 32, 4);
INSERT INTO nps (week, score, student_id, cohort_id) VALUES(2, 4, 32, 4);
INSERT INTO nps (week, score, student_id, cohort_id) VALUES(3, 4, 32, 4);
INSERT INTO nps (week, score, student_id, cohort_id) VALUES(4, 4, 32, 4);
INSERT INTO nps (week, score, student_id, cohort_id) VALUES(5, 4, 32, 4);
INSERT INTO nps (week, score, student_id, cohort_id) VALUES(6, 4, 32, 4);
INSERT INTO nps (week, score, student_id, cohort_id) VALUES(7, 4, 32, 4);
INSERT INTO nps (week, score, student_id, cohort_id) VALUES(8, 4, 32, 4);
INSERT INTO nps (week, score, student_id, cohort_id) VALUES(9, 4, 32, 4);
INSERT INTO nps (week, score, student_id, cohort_id) VALUES(10, 4, 32, 4);
INSERT INTO nps (week, score, student_id, cohort_id) VALUES(1, 4, 33, 4);
INSERT INTO nps (week, score, student_id, cohort_id) VALUES(2, 4, 33, 4);
INSERT INTO nps (week, score, student_id, cohort_id) VALUES(3, 4, 33, 4);
INSERT INTO nps (week, score, student_id, cohort_id) VALUES(4, 4, 33, 4);
INSERT INTO nps (week, score, student_id, cohort_id) VALUES(5, 4, 33, 4);
INSERT INTO nps (week, score, student_id, cohort_id) VALUES(6, 4, 33, 4);
INSERT INTO nps (week, score, student_id, cohort_id) VALUES(7, 4, 33, 4);
INSERT INTO nps (week, score, student_id, cohort_id) VALUES(8, 4, 33, 4);
INSERT INTO nps (week, score, student_id, cohort_id) VALUES(9, 4, 33, 4);
INSERT INTO nps (week, score, student_id, cohort_id) VALUES(10, 4, 33, 4);
INSERT INTO nps (week, score, student_id, cohort_id) VALUES(1, 4, 34, 4);
INSERT INTO nps (week, score, student_id, cohort_id) VALUES(2, 4, 34, 4);
INSERT INTO nps (week, score, student_id, cohort_id) VALUES(3, 4, 34, 4);
INSERT INTO nps (week, score, student_id, cohort_id) VALUES(4, 4, 34, 4);
INSERT INTO nps (week, score, student_id, cohort_id) VALUES(5, 4, 34, 4);
INSERT INTO nps (week, score, student_id, cohort_id) VALUES(6, 4, 34, 4);
INSERT INTO nps (week, score, student_id, cohort_id) VALUES(7, 5, 34, 4);
INSERT INTO nps (week, score, student_id, cohort_id) VALUES(8, 5, 34, 4);
INSERT INTO nps (week, score, student_id, cohort_id) VALUES(9, 5, 34, 4);
INSERT INTO nps (week, score, student_id, cohort_id) VALUES(10, 5, 34, 4);
INSERT INTO nps (week, score, student_id, cohort_id) VALUES(1, 5, 35, 4);
INSERT INTO nps (week, score, student_id, cohort_id) VALUES(2, 5, 35, 4);
INSERT INTO nps (week, score, student_id, cohort_id) VALUES(3, 5, 35, 4);
INSERT INTO nps (week, score, student_id, cohort_id) VALUES(4, 5, 35, 4);
INSERT INTO nps (week, score, student_id, cohort_id) VALUES(5, 2, 35, 4);
INSERT INTO nps (week, score, student_id, cohort_id) VALUES(6, 2, 35, 4);
INSERT INTO nps (week, score, student_id, cohort_id) VALUES(7, 2, 35, 4);
INSERT INTO nps (week, score, student_id, cohort_id) VALUES(8, 2, 35, 4);
INSERT INTO nps (week, score, student_id, cohort_id) VALUES(9, 2, 35, 4);
INSERT INTO nps (week, score, student_id, cohort_id) VALUES(10, 2, 35, 4);
INSERT INTO nps (week, score, student_id, cohort_id) VALUES(1, 2, 36, 4);
INSERT INTO nps (week, score, student_id, cohort_id) VALUES(2, 2, 36, 4);
INSERT INTO nps (week, score, student_id, cohort_id) VALUES(3, 2, 36, 4);
INSERT INTO nps (week, score, student_id, cohort_id) VALUES(4, 2, 36, 4);
INSERT INTO nps (week, score, student_id, cohort_id) VALUES(5, 2, 36, 4);
INSERT INTO nps (week, score, student_id, cohort_id) VALUES(6, 2, 36, 4);
INSERT INTO nps (week, score, student_id, cohort_id) VALUES(7, 2, 36, 4);
INSERT INTO nps (week, score, student_id, cohort_id) VALUES(8, 2, 36, 4);
INSERT INTO nps (week, score, student_id, cohort_id) VALUES(9, 2, 36, 4);
INSERT INTO nps (week, score, student_id, cohort_id) VALUES(10, 2, 36, 4);
INSERT INTO nps (week, score, student_id, cohort_id) VALUES(1, 2, 37, 4);
INSERT INTO nps (week, score, student_id, cohort_id) VALUES(2, 2, 37, 4);
INSERT INTO nps (week, score, student_id, cohort_id) VALUES(3, 2, 37, 4);
INSERT INTO nps (week, score, student_id, cohort_id) VALUES(4, 2, 37, 4);
INSERT INTO nps (week, score, student_id, cohort_id) VALUES(5, 2, 37, 4);
INSERT INTO nps (week, score, student_id, cohort_id) VALUES(6, 2, 37, 4);
INSERT INTO nps (week, score, student_id, cohort_id) VALUES(7, 2, 37, 4);
INSERT INTO nps (week, score, student_id, cohort_id) VALUES(8, 2, 37, 4);
INSERT INTO nps (week, score, student_id, cohort_id) VALUES(9, 2, 37, 4);
INSERT INTO nps (week, score, student_id, cohort_id) VALUES(10, 2, 37, 4);
INSERT INTO nps (week, score, student_id, cohort_id) VALUES(1, 2, 38, 4);
INSERT INTO nps (week, score, student_id, cohort_id) VALUES(2, 2, 38, 4);
INSERT INTO nps (week, score, student_id, cohort_id) VALUES(3, 2, 38, 4);
INSERT INTO nps (week, score, student_id, cohort_id) VALUES(4, 2, 38, 4);
INSERT INTO nps (week, score, student_id, cohort_id) VALUES(5, 3, 38, 4);
INSERT INTO nps (week, score, student_id, cohort_id) VALUES(6, 3, 38, 4);
INSERT INTO nps (week, score, student_id, cohort_id) VALUES(7, 3, 38, 4);
INSERT INTO nps (week, score, student_id, cohort_id) VALUES(8, 3, 38, 4);
INSERT INTO nps (week, score, student_id, cohort_id) VALUES(9, 3, 38, 4);
INSERT INTO nps (week, score, student_id, cohort_id) VALUES(10, 3, 38, 4);
INSERT INTO nps (week, score, student_id, cohort_id) VALUES(1, 3, 39, 4);
INSERT INTO nps (week, score, student_id, cohort_id) VALUES(2, 3, 39, 4);
INSERT INTO nps (week, score, student_id, cohort_id) VALUES(3, 3, 39, 4);
INSERT INTO nps (week, score, student_id, cohort_id) VALUES(4, 3, 39, 4);
INSERT INTO nps (week, score, student_id, cohort_id) VALUES(5, 3, 39, 4);
INSERT INTO nps (week, score, student_id, cohort_id) VALUES(6, 3, 39, 4);
INSERT INTO nps (week, score, student_id, cohort_id) VALUES(7, 3, 39, 4);
INSERT INTO nps (week, score, student_id, cohort_id) VALUES(8, 3, 39, 4);
INSERT INTO nps (week, score, student_id, cohort_id) VALUES(9, 3, 39, 4);
INSERT INTO nps (week, score, student_id, cohort_id) VALUES(10, 3, 39, 4);
INSERT INTO nps (week, score, student_id, cohort_id) VALUES(1, 3, 40, 4);
INSERT INTO nps (week, score, student_id, cohort_id) VALUES(2, 3, 40, 4);
INSERT INTO nps (week, score, student_id, cohort_id) VALUES(3, 3, 40, 4);
INSERT INTO nps (week, score, student_id, cohort_id) VALUES(4, 3, 40, 4);
INSERT INTO nps (week, score, student_id, cohort_id) VALUES(5, 3, 40, 4);
INSERT INTO nps (week, score, student_id, cohort_id) VALUES(6, 3, 40, 4);
INSERT INTO nps (week, score, student_id, cohort_id) VALUES(7, 3, 40, 4);
INSERT INTO nps (week, score, student_id, cohort_id) VALUES(8, 3, 40, 4);
INSERT INTO nps (week, score, student_id, cohort_id) VALUES(9, 3, 40, 4);
INSERT INTO nps (week, score, student_id, cohort_id) VALUES(10, 3, 40, 4);

-- cohort 5
INSERT INTO nps (week, score, student_id, cohort_id) VALUES(1, 4, 41, 2);
INSERT INTO nps (week, score, student_id, cohort_id) VALUES(2, 4, 41, 2);
INSERT INTO nps (week, score, student_id, cohort_id) VALUES(3, 4, 41, 2);
INSERT INTO nps (week, score, student_id, cohort_id) VALUES(4, 4, 41, 2);
INSERT INTO nps (week, score, student_id, cohort_id) VALUES(5, 4, 41, 2);
INSERT INTO nps (week, score, student_id, cohort_id) VALUES(6, 4, 41, 2);
INSERT INTO nps (week, score, student_id, cohort_id) VALUES(7, 4, 41, 2);
INSERT INTO nps (week, score, student_id, cohort_id) VALUES(1, 4, 42, 2);
INSERT INTO nps (week, score, student_id, cohort_id) VALUES(2, 4, 42, 2);
INSERT INTO nps (week, score, student_id, cohort_id) VALUES(3, 5, 42, 2);
INSERT INTO nps (week, score, student_id, cohort_id) VALUES(4, 5, 42, 2);
INSERT INTO nps (week, score, student_id, cohort_id) VALUES(5, 5, 42, 2);
INSERT INTO nps (week, score, student_id, cohort_id) VALUES(6, 5, 42, 2);
INSERT INTO nps (week, score, student_id, cohort_id) VALUES(7, 5, 42, 2);
INSERT INTO nps (week, score, student_id, cohort_id) VALUES(1, 5, 43, 2);
INSERT INTO nps (week, score, student_id, cohort_id) VALUES(2, 5, 43, 2);
INSERT INTO nps (week, score, student_id, cohort_id) VALUES(3, 5, 43, 2);
INSERT INTO nps (week, score, student_id, cohort_id) VALUES(4, 4, 43, 2);
INSERT INTO nps (week, score, student_id, cohort_id) VALUES(5, 4, 43, 2);
INSERT INTO nps (week, score, student_id, cohort_id) VALUES(6, 4, 43, 2);
INSERT INTO nps (week, score, student_id, cohort_id) VALUES(7, 4, 43, 2);
INSERT INTO nps (week, score, student_id, cohort_id) VALUES(1, 4, 44, 2);
INSERT INTO nps (week, score, student_id, cohort_id) VALUES(2, 4, 44, 2);
INSERT INTO nps (week, score, student_id, cohort_id) VALUES(3, 4, 44, 2);
INSERT INTO nps (week, score, student_id, cohort_id) VALUES(4, 4, 44, 2);
INSERT INTO nps (week, score, student_id, cohort_id) VALUES(5, 4, 44, 2);
INSERT INTO nps (week, score, student_id, cohort_id) VALUES(6, 4, 44, 2);
INSERT INTO nps (week, score, student_id, cohort_id) VALUES(7, 4, 44, 2);
INSERT INTO nps (week, score, student_id, cohort_id) VALUES(1, 3, 45, 2);
INSERT INTO nps (week, score, student_id, cohort_id) VALUES(2, 3, 45, 2);
INSERT INTO nps (week, score, student_id, cohort_id) VALUES(3, 3, 45, 2);
INSERT INTO nps (week, score, student_id, cohort_id) VALUES(4, 3, 45, 2);
INSERT INTO nps (week, score, student_id, cohort_id) VALUES(5, 3, 45, 2);
INSERT INTO nps (week, score, student_id, cohort_id) VALUES(6, 3, 45, 2);
INSERT INTO nps (week, score, student_id, cohort_id) VALUES(7, 3, 45, 2);

-- cohort 6 (empty)